station_id,stationame,month_beginning,avg_weekday_rides,avg_saturday_rides,avg_sunday-holiday_rides,monthtotal,route
40900,Howard,8/1/2024,"3,214.90","2,774.20","2,228.50","93,512","Red, Purple, Yellow"
41190,Jarvis,8/1/2024,"1,036.20",952.2,788.8,"30,713",Red
40100,Morse,8/1/2024,"2,505.50","2,331.40","2,012.80","74,829",Red
41300,Loyola,8/1/2024,"3,254.10","3,300.40","2,324.80","97,391",Red
40760,Granville,8/1/2024,"2,117.20","1,974","1,534","62,584",Red
40880,Thorndale,8/1/2024,"1,799","1,656.60","1,348","53,252",Red
41380,Bryn Mawr,8/1/2024,"1,637","1,517","1,223.30","48,492",Red
40340,Berwyn,8/1/2024,0,0,0,0,Red
41200,Argyle,8/1/2024,"2,769","2,709.80","2,154.80","83,086",Red
40770,Lawrence,8/1/2024,0,0,0,0,Red
40540,Wilson,8/1/2024,"5,344.70","4,674.60","3,623","155,449","Red, Purple"
40080,Sheridan,8/1/2024,"2,611.90","2,413","1,760","76,567",Red
41420,Addison-North Main,8/1/2024,"7,446.20","9,288.60","7,342.80","239,630",Red
41320,Belmont-North Main,8/1/2024,"6,818.20","7,597.20","5,740.30","210,947","Red, Purple, Brown"
41220,Fullerton,8/1/2024,"6,132.10","5,801.20","4,301","181,117","Red, Purple, Brown"
40650,North/Clybourn,8/1/2024,"3,109.70","3,200","2,579.50","94,732",Red
40630,Clark/Division,8/1/2024,"4,939.10","5,629.60","4,445.80","154,591",Red
41450,Chicago/State,8/1/2024,"8,142","7,954.40","6,217.80","243,766",Red
40330,Grand/State,8/1/2024,"7,405.80","9,911.40","7,167.30","241,153",Red
41660,Lake/State,8/1/2024,"11,130.50","10,337.40","7,449.30","326,355",Red
41090,Monroe/State,8/1/2024,"4,097.70","3,409","2,478.30","117,107",Red
40560,Jackson/State,8/1/2024,"3,646.50","3,487.60","2,713.30","108,514",Red
41490,Harrison,8/1/2024,"2,614.10","3,464","3,052.80","87,042",Red
41400,Roosevelt,8/1/2024,"7,578.70","9,170.40","6,861.50","240,030","Red, Orange, Green"
41000,Cermak-Chinatown,8/1/2024,"3,472.60","5,074.60","3,831.80","117,097",Red
40190,Sox-35th-Dan Ryan,8/1/2024,"3,024.20","3,372.80","1,729","90,312",Red
41230,47th-Dan Ryan,8/1/2024,"1,370.10","1,147.20",983.5,"39,813",Red
41170,Garfield-Dan Ryan,8/1/2024,"1,789.60","1,403.60","1,027.30","50,498",Red
40910,63rd-Dan Ryan,8/1/2024,"1,263.90",989.2,841.3,"36,116",Red
40990,69th,8/1/2024,"2,350.40","1,916.40","1,466.30","67,155",Red
40240,79th,8/1/2024,"3,056","2,467.80","2,054.30","87,787",Red
41430,87th,8/1/2024,"1,757.80","1,408.80","1,172.50","50,405",Red
40450,95th/Dan Ryan,8/1/2024,"4,596.40","3,327.20","2,680.50","128,479",Red
41050,Linden,8/1/2024,657.6,649.8,546,"19,900",Purple
41250,Central-Evanston,8/1/2024,446.6,275.2,207.8,"12,033",Purple
40400,Noyes,8/1/2024,453.8,361.6,239,"12,748",Purple
40520,Foster,8/1/2024,380.5,325.6,246.8,"10,986",Purple
40050,Davis,8/1/2024,"1,750.50","1,419.80","1,223","50,501",Purple
40690,Dempster,8/1/2024,468.9,441.8,370.5,"14,006",Purple
40270,Main,8/1/2024,595.4,548.4,425.8,"17,543",Purple
40840,South Boulevard,8/1/2024,396.4,264,218.5,"10,915",Purple
40140,Dempster-Skokie,8/1/2024,923.1,820,789.8,"27,568",Yellow
41680,Oakton-Skokie,8/1/2024,460.2,276.4,225,"12,406",Yellow
40890,O'Hare Airport,8/1/2024,"10,757.50","9,586.80","9,845.50","323,981",Blue
40820,Rosemont,8/1/2024,"4,265.50","4,071.20","3,084.30","126,534",Blue
40230,Cumberland,8/1/2024,"2,350","2,004.60","1,543","67,895",Blue
40750,Harlem-O'Hare,8/1/2024,"1,467","1,011.60",780.5,"40,454",Blue
41280,Jefferson Park,8/1/2024,"4,596.20","3,361","2,651.30","128,527",Blue
41330,Montrose-O'Hare,8/1/2024,"1,632","1,124.40",882.8,"45,058",Blue
40550,Irving Park-O'Hare,8/1/2024,"2,589","1,846.40","1,518.50","72,265",Blue
41240,Addison-O'Hare,8/1/2024,"1,774.70","1,239.60",982,"49,170",Blue
40060,Belmont-O'Hare,8/1/2024,"3,356.30","2,451.40","1,967","93,964",Blue
41020,Logan Square,8/1/2024,"4,063.90","3,188.20","2,775.50","116,449",Blue
40570,California/Milwaukee,8/1/2024,"3,162.70","2,605.40","2,076.80","90,914",Blue
40670,Western/Milwaukee,8/1/2024,"3,201.50","2,426.80","1,875","90,068",Blue
40590,Damen/Milwaukee,8/1/2024,"3,747.90","3,639.80","2,963","112,505",Blue
40320,Division/Milwaukee,8/1/2024,"3,712.80","3,042.40","2,383.30","106,427",Blue
41410,Chicago/Milwaukee,8/1/2024,"2,481.30","1,932.80","1,616","70,717",Blue
40490,Grand/Milwaukee,8/1/2024,"2,140.50","1,872.60","1,611.30","62,900",Blue
40370,Washington/Dearborn,8/1/2024,"7,844.70","6,090.80","5,116","223,501",Blue
40790,Monroe/Dearborn,8/1/2024,"3,626.30","1,886.60","1,667.30","95,880",Blue
40070,Jackson/Dearborn,8/1/2024,"3,573.50","2,923.80","2,609.30","103,672",Blue
41340,LaSalle,8/1/2024,"1,747.20","1,630.80","1,469","52,468",Blue
40430,Clinton-Forest Park,8/1/2024,"1,892.50","1,088.20",925,"50,776",Blue
40350,UIC-Halsted,8/1/2024,"2,645.10","1,491.20","1,163.80","70,304",Blue
40470,Racine,8/1/2024,649.4,454.4,364.3,"18,015",Blue
40810,Medical Center,8/1/2024,"1,436.40",647.8,589.8,"37,198",Blue
40220,Western-Forest Park,8/1/2024,630.8,511.2,429.8,"18,152",Blue
40250,Kedzie-Homan-Forest Park,8/1/2024,909.5,717.4,584,"25,932",Blue
40920,Pulaski-Forest Park,8/1/2024,670.2,549.8,482,"19,422",Blue
40970,Cicero-Forest Park,8/1/2024,603,408.6,342.8,"16,680",Blue
40010,Austin-Forest Park,8/1/2024,664.4,402.2,357.3,"18,056",Blue
40180,Oak Park-Forest Park,8/1/2024,565.7,311.8,236.8,"14,951",Blue
40980,Harlem-Forest Park,8/1/2024,419.5,286.8,208,"11,496",Blue
40390,Forest Park,8/1/2024,"1,244.50",820,681.5,"34,204",Blue
41030,Polk,8/1/2024,"2,224.50",768.2,612,"55,227",Pink
40830,18th,8/1/2024,"1,393.20","1,240.20",933.3,"40,584",Pink
40210,Damen-Cermak,8/1/2024,"1,148.60",854.4,707.3,"32,371",Pink
40740,Western-Cermak,8/1/2024,882.5,687.2,487.3,"24,800",Pink
40440,California-Cermak,8/1/2024,"1,046.70",746.6,615.5,"29,222",Pink
41040,Kedzie-Cermak,8/1/2024,826,623.6,487.8,"23,242",Pink
40780,Central Park,8/1/2024,795.8,595.4,491.8,"22,452",Pink
40150,Pulaski-Cermak,8/1/2024,757.2,499.4,413.3,"20,809",Pink
40600,Kostner,8/1/2024,284,191,156,"7,827",Pink
40420,Cicero-Cermak,8/1/2024,952.1,816.2,624.3,"27,525",Pink
40580,54th/Cermak,8/1/2024,"1,669.20","1,154.20",905.8,"46,117",Pink
40020,Harlem-Lake,8/1/2024,"2,180.90","1,701.80","1,279.80","61,608",Green
41350,Oak Park-Lake,8/1/2024,825.4,633.2,493.8,"23,299",Green
40610,Ridgeland,8/1/2024,733.4,461,330,"19,760",Green
41260,Austin-Lake,8/1/2024,987.9,657.8,533.3,"27,155",Green
40280,Central-Lake,8/1/2024,"1,255.20",944.6,735.8,"35,281",Green
40700,Laramie,8/1/2024,636.2,449.8,345.3,"17,626",Green
40480,Cicero-Lake,8/1/2024,755.8,551.2,447.5,"21,173",Green
40030,Pulaski-Lake,8/1/2024,888.1,658.6,543.3,"25,004",Green
41670,Conservatory,8/1/2024,584.8,546.2,471.5,"17,483",Green
41070,Kedzie-Lake,8/1/2024,703.9,498,386.5,"19,522",Green
41360,California-Lake,8/1/2024,789.2,473.8,419.5,"21,410",Green
41710,Damen-Lake,8/1/2024,711.9,487.2,405.8,"19,720",Green
40170,Ashland-Lake,8/1/2024,"2,404.50","1,660.80","1,105.50","65,624","Green, Pink"
41510,Morgan-Lake,8/1/2024,"3,681.40","3,750.60","2,702.50","110,554",Green
41160,Clinton-Lake,8/1/2024,"2,650.50","1,613.80","1,174","71,075","Green, Pink"
41690,Cermak-McCormick Place,8/1/2024,"1,491.20","1,366.40","1,077.80","43,949",Green
41120,35-Bronzeville-IIT,8/1/2024,"1,144.30",865.4,590.5,"31,864",Green
40300,Indiana,8/1/2024,395.8,327.4,230.5,"11,266",Green
41270,43rd,8/1/2024,560.4,448.4,295,"15,750",Green
41080,47th-South Elevated,8/1/2024,608,499,327.8,"17,181",Green
40130,51st,8/1/2024,558.3,557,353,"16,480",Green
40510,Garfield-South Elevated,8/1/2024,720.5,633.6,445,"20,800",Green
41140,King Drive,8/1/2024,275.7,213.4,172.3,"7,821",Green
40720,East 63rd-Cottage Grove,8/1/2024,596.4,451,364.5,"16,833",Green
40940,Halsted/63rd,8/1/2024,308.4,236,165,"8,625",Green
40290,Ashland/63rd,8/1/2024,595.5,435.4,372.5,"16,767",Green
41290,Kimball,8/1/2024,"2,641.50","1,919","1,701.50","74,513",Brown
41180,Kedzie-Brown,8/1/2024,"1,261.60","1,014.80",851.5,"36,236",Brown
40870,Francisco,8/1/2024,908,663.4,531,"25,417",Brown
41010,Rockwell,8/1/2024,938.5,688.4,521.8,"26,175",Brown
41480,Western-Brown,8/1/2024,"2,103.10","1,545.40","1,226.80","58,902",Brown
40090,Damen-Brown,8/1/2024,"1,505.90","1,118.20",882.8,"42,252",Brown
41500,Montrose-Brown,8/1/2024,"1,412","1,070.80",851.3,"39,823",Brown
41460,Irving Park-Brown,8/1/2024,"1,552.30","1,316",807.8,"43,962",Brown
41440,Addison-Brown,8/1/2024,"1,142.40",832,649.3,"31,889",Brown
41310,Paulina,8/1/2024,"1,631.10","1,347",962.8,"46,470",Brown
40360,Southport,8/1/2024,"2,092.80","1,930.20","1,460.80","61,535",Brown
41210,Wellington,8/1/2024,"1,783.20","1,133.20",752.5,"47,906",Brown
40530,Diversey,8/1/2024,"3,010.50","2,168.60","1,551.50","83,280",Brown
40660,Armitage,8/1/2024,"2,475.10","2,055.40","1,466.30","70,594",Brown
40800,Sedgwick,8/1/2024,"2,571.80","2,579.80","1,972.80","77,370",Brown
40710,Chicago/Franklin,8/1/2024,"4,207.20","3,003","1,985.30","115,515",Brown
40460,Merchandise Mart,8/1/2024,"3,920.90","1,982","1,367.50","101,639","Brown, Purple"
40930,Midway Airport,8/1/2024,"5,549.60","3,786","3,205.50","153,843",Orange
40960,Pulaski-Orange,8/1/2024,"2,942.70","1,790.80","1,512.50","79,744",Orange
41150,Kedzie-Midway,8/1/2024,"2,184","1,454.40","1,119.80","59,799",Orange
40310,Western-Orange,8/1/2024,"2,317.90","1,573.40","1,242.50","63,830",Orange
40120,35th/Archer,8/1/2024,"1,749.50","1,143.20",918,"47,876",Orange
41060,Ashland-Orange,8/1/2024,"1,123.30",784.8,616.3,"31,101",Orange
41130,Halsted-Orange,8/1/2024,"1,594","1,117.80",936.5,"44,404",Orange
40730,Washington/Wells,8/1/2024,"4,400.90","1,155.40",822.8,"105,887",Orange
40040,Quincy/Wells,8/1/2024,"4,670.70","1,842.60","1,489.30","117,926",Orange
40160,LaSalle/Van Buren,8/1/2024,"1,670.30",706.8,484.8,"42,220",Orange
40850,Library,8/1/2024,"2,500.50","2,235.60","2,031","74,313","Orange, Brown, Pink, Purple"
40680,Adams/Wabash,8/1/2024,"4,044.10","3,319.40","2,899.30","117,164",Orange
41700,Washington/Wabash,8/1/2024,"7,146.30","5,819.80","4,581.30","204,642","Orange, Brown, Purple, Pink"
40260,State/Lake,8/1/2024,"8,434.70","7,690.20","5,846.30","247,400",Orange
40380,Clark/Lake,8/1/2024,"9,114.40","5,677","4,843.80","248,277","Orange, Blue, Brown, Green, Purple, Pink"
40900,Howard,9/1/2024,"3,417.20","2,892.80","2,191.50","93,063","Red, Purple, Yellow"
41190,Jarvis,9/1/2024,"1,149.70","1,009.80",806.8,"31,874",Red
40100,Morse,9/1/2024,"2,762","2,251.50","1,793","75,003",Red
41300,Loyola,9/1/2024,"4,314.50","4,242.80","2,676.70","119,321",Red
40760,Granville,9/1/2024,"2,808.60","2,680","1,799.80","77,690",Red
40880,Thorndale,9/1/2024,"2,079.90","1,576.50","1,247","55,385",Red
41380,Bryn Mawr,9/1/2024,"1,814.50","1,442","1,088.80","48,590",Red
40340,Berwyn,9/1/2024,0,0,0,0,Red
41200,Argyle,9/1/2024,"3,124.20","2,784.50","2,089.20","86,156",Red
40770,Lawrence,9/1/2024,0,0,0,0,Red
40540,Wilson,9/1/2024,"6,138.40","4,899.80","3,529","163,540","Red, Purple"
40080,Sheridan,9/1/2024,"2,922.30","2,412.50","1,797.70","78,882",Red
41420,Addison-North Main,9/1/2024,"6,955.30","10,287.50","7,142.20","223,108",Red
41320,Belmont-North Main,9/1/2024,"7,387.80","7,511.30","5,280.80","209,486","Red, Purple, Brown"
41220,Fullerton,9/1/2024,"10,369.10","6,934.50","4,975.50","264,973","Red, Purple, Brown"
40650,North/Clybourn,9/1/2024,"3,381.70","3,228.50","2,421.50","95,077",Red
40630,Clark/Division,9/1/2024,"5,277.40","5,039.80","3,627.70","147,473",Red
41450,Chicago/State,9/1/2024,"8,393.30","7,380.30","5,666.30","231,384",Red
40330,Grand/State,9/1/2024,"6,319.90","8,466.80","6,645.20","200,135",Red
41660,Lake/State,9/1/2024,"11,227.50","9,590.30","7,403.70","307,332",Red
41090,Monroe/State,9/1/2024,"4,216.30","2,984.30","2,316","110,158",Red
40560,Jackson/State,9/1/2024,"5,070.80","3,011.50","2,071","125,888",Red
41490,Harrison,9/1/2024,"2,725.10","2,846.80","2,218.70","79,201",Red
41400,Roosevelt,9/1/2024,"7,329.90","6,802.30","6,338.80","211,840","Red, Orange, Green"
41000,Cermak-Chinatown,9/1/2024,"3,081.90","4,494.50","3,988.50","103,546",Red
40190,Sox-35th-Dan Ryan,9/1/2024,"2,767.90","2,068.30","1,828.20","74,600",Red
41230,47th-Dan Ryan,9/1/2024,"1,436.40","1,081.80",915.5,"38,547",Red
41170,Garfield-Dan Ryan,9/1/2024,"1,891.10","1,341.30",964.7,"48,974",Red
40910,63rd-Dan Ryan,9/1/2024,"1,413.70","1,044.50",881.5,"37,740",Red
40990,69th,9/1/2024,"2,506.70","1,832.30","1,447.50","66,147",Red
40240,79th,9/1/2024,"3,230.50","2,450.30","2,000.20","86,412",Red
41430,87th,9/1/2024,"1,930.60","1,357.80","1,141.70","50,893",Red
40450,95th/Dan Ryan,9/1/2024,"4,898.60","3,163.50","2,661.80","126,597",Red
41050,Linden,9/1/2024,596.3,484.3,349.3,"15,958",Purple
41250,Central-Evanston,9/1/2024,433.1,263.8,185.8,"10,831",Purple
40400,Noyes,9/1/2024,570.5,433.5,236.7,"14,564",Purple
40520,Foster,9/1/2024,416.4,359.8,241.5,"11,215",Purple
40050,Davis,9/1/2024,"1,832.90","1,425.50","1,109","49,013",Purple
40690,Dempster,9/1/2024,479.2,459.5,370.8,"13,646",Purple
40270,Main,9/1/2024,655.9,548,362.3,"17,483",Purple
40840,South Boulevard,9/1/2024,427.3,254,217.8,"10,869",Purple
40140,Dempster-Skokie,9/1/2024,983.5,618.3,624.5,"25,889",Yellow
41680,Oakton-Skokie,9/1/2024,544.4,212,191.2,"12,882",Yellow
40890,O'Hare Airport,9/1/2024,"9,981.80","8,603.30","9,351.20","290,155",Blue
40820,Rosemont,9/1/2024,"4,271.70","3,209.80","2,602.20","113,885",Blue
40230,Cumberland,9/1/2024,"2,397.90","1,437","1,150.80","60,611",Blue
40750,Harlem-O'Hare,9/1/2024,"1,733.60",870,682.8,"42,249",Blue
41280,Jefferson Park,9/1/2024,"4,914","3,098.50","2,479.70","125,552",Blue
41330,Montrose-O'Hare,9/1/2024,"1,816.80","1,071.80",806.2,"45,460",Blue
40550,Irving Park-O'Hare,9/1/2024,"2,837.20","1,827.30","1,436.20","72,670",Blue
41240,Addison-O'Hare,9/1/2024,"2,000.20","1,144.80",880.7,"49,867",Blue
40060,Belmont-O'Hare,9/1/2024,"3,679.30","2,351.30","1,820.30","93,912",Blue
41020,Logan Square,9/1/2024,"4,387.40","3,411.80","2,511.20","116,461",Blue
40570,California/Milwaukee,9/1/2024,"3,427.10","2,554.80","1,866.30","89,958",Blue
40670,Western/Milwaukee,9/1/2024,"3,501.40","2,371.30","1,761.80","90,083",Blue
40590,Damen/Milwaukee,9/1/2024,"3,898.80","3,613.80","2,652","108,342",Blue
40320,Division/Milwaukee,9/1/2024,"4,069.20","3,225.80","2,301","108,092",Blue
41410,Chicago/Milwaukee,9/1/2024,"2,651.80","1,890.50","1,430","69,177",Blue
40490,Grand/Milwaukee,9/1/2024,"2,171.70","1,756.80","1,459.70","59,219",Blue
40370,Washington/Dearborn,9/1/2024,"7,977.40","5,601.80","4,802.70","210,770",Blue
40790,Monroe/Dearborn,9/1/2024,"4,033.50","1,543.30","1,537.70","96,069",Blue
40070,Jackson/Dearborn,9/1/2024,"4,132.60","2,475.30","1,967.50","104,357",Blue
41340,LaSalle,9/1/2024,"2,112","1,184","1,059.50","53,332",Blue
40430,Clinton-Forest Park,9/1/2024,"2,094",964.5,946.3,"51,415",Blue
40350,UIC-Halsted,9/1/2024,"5,393.50","2,075.50","1,340.30","124,213",Blue
40470,Racine,9/1/2024,867.2,457.5,293.2,"20,933",Blue
40810,Medical Center,9/1/2024,"1,529.40",642,500.2,"36,157",Blue
40220,Western-Forest Park,9/1/2024,654.3,482.8,362.2,"17,190",Blue
40250,Kedzie-Homan-Forest Park,9/1/2024,969.1,702.5,548.3,"25,481",Blue
40920,Pulaski-Forest Park,9/1/2024,677.3,472.3,418.3,"17,945",Blue
40970,Cicero-Forest Park,9/1/2024,626.1,381.8,316.7,"15,949",Blue
40010,Austin-Forest Park,9/1/2024,729.8,364.8,340,"18,094",Blue
40180,Oak Park-Forest Park,9/1/2024,657.1,237.8,178.7,"15,165",Blue
40980,Harlem-Forest Park,9/1/2024,422.1,266.3,156.8,"10,448",Blue
40390,Forest Park,9/1/2024,"1,271.80",686.5,484.5,"31,089",Blue
41030,Polk,9/1/2024,"2,683",831.3,661.8,"60,956",Pink
40830,18th,9/1/2024,"1,436.90","1,243.80",924.5,"39,260",Pink
40210,Damen-Cermak,9/1/2024,"1,306.90",887.5,687.8,"33,815",Pink
40740,Western-Cermak,9/1/2024,983.2,657.3,446.2,"24,970",Pink
40440,California-Cermak,9/1/2024,"1,340.30","1,454.50",984.5,"38,530",Pink
41040,Kedzie-Cermak,9/1/2024,"1,081.70","1,449.80",950.5,"33,136",Pink
40780,Central Park,9/1/2024,887.2,601.5,474.8,"22,999",Pink
40150,Pulaski-Cermak,9/1/2024,838.9,549.3,452.5,"21,689",Pink
40600,Kostner,9/1/2024,318.5,191.8,161.2,"8,103",Pink
40420,Cicero-Cermak,9/1/2024,974.8,783,611.8,"26,299",Pink
40580,54th/Cermak,9/1/2024,"1,853.30","1,133.80",890.2,"46,941",Pink
40020,Harlem-Lake,9/1/2024,"2,254.40","1,553","1,198.70","58,492",Green
41350,Oak Park-Lake,9/1/2024,845.2,538,460.7,"21,820",Green
40610,Ridgeland,9/1/2024,785.4,367.3,275.3,"18,828",Green
41260,Austin-Lake,9/1/2024,"1,053.60",642.5,475.8,"26,497",Green
40280,Central-Lake,9/1/2024,"1,386.70",935.8,718.8,"35,790",Green
40700,Laramie,9/1/2024,689.7,428.8,355.8,"17,644",Green
40480,Cicero-Lake,9/1/2024,830,568.8,449.5,"21,571",Green
40030,Pulaski-Lake,9/1/2024,963.5,684,533.3,"25,206",Green
41670,Conservatory,9/1/2024,594,511,402.5,"16,338",Green
41070,Kedzie-Lake,9/1/2024,810.2,505.3,396,"20,601",Green
41360,California-Lake,9/1/2024,850.7,473.5,358.8,"21,061",Green
41710,Damen-Lake,9/1/2024,763.9,508.8,408.3,"19,762",Green
40170,Ashland-Lake,9/1/2024,"1,945.40","1,302.50","1,303.80","51,941","Green, Pink"
41510,Morgan-Lake,9/1/2024,"3,598","3,413.30","2,720.70","101,936",Green
41160,Clinton-Lake,9/1/2024,"2,865.10","1,532.30","1,170.20","70,452","Green, Pink"
41690,Cermak-McCormick Place,9/1/2024,"1,399.60","1,133.30",984,"38,428",Green
41120,35-Bronzeville-IIT,9/1/2024,"1,281.20",829.3,594.7,"32,509",Green
40300,Indiana,9/1/2024,449.7,272.3,229.5,"11,460",Green
41270,43rd,9/1/2024,586.3,342.5,272.8,"14,733",Green
41080,47th-South Elevated,9/1/2024,635.8,417.3,328.5,"16,355",Green
40130,51st,9/1/2024,599,427.8,336.5,"15,709",Green
40510,Garfield-South Elevated,9/1/2024,751.5,496.8,456.8,"19,757",Green
41140,King Drive,9/1/2024,290.8,209.5,179.8,"7,733",Green
40720,East 63rd-Cottage Grove,9/1/2024,657.6,423.8,373.8,"17,090",Green
40940,Halsted/63rd,9/1/2024,350.7,241.3,160.3,"8,941",Green
40290,Ashland/63rd,9/1/2024,637.3,425.5,382.8,"16,745",Green
41290,Kimball,9/1/2024,"2,924.70","1,964.30","1,610.80","76,015",Brown
41180,Kedzie-Brown,9/1/2024,"1,340.20",983.8,782.7,"35,434",Brown
40870,Francisco,9/1/2024,999,648,455.3,"25,304",Brown
41010,Rockwell,9/1/2024,"1,093.10",726.5,509.7,"27,825",Brown
41480,Western-Brown,9/1/2024,"2,024.40","1,539.30",974.3,"52,490",Brown
40090,Damen-Brown,9/1/2024,"1,767.70","1,162",828.2,"44,971",Brown
41500,Montrose-Brown,9/1/2024,"1,491.60","1,115.80",707,"38,536",Brown
41460,Irving Park-Brown,9/1/2024,"1,747.40","1,273.30",769.8,"44,659",Brown
41440,Addison-Brown,9/1/2024,"1,337.80",784,543.7,"33,154",Brown
41310,Paulina,9/1/2024,"1,784.40","1,334",799.3,"45,820",Brown
40360,Southport,9/1/2024,"2,284.10","2,204.80","1,426.30","63,059",Brown
41210,Wellington,9/1/2024,"2,046.30","1,259.30",695.8,"50,138",Brown
40530,Diversey,9/1/2024,"3,406.70","2,151.80","1,360.20","84,902",Brown
40660,Armitage,9/1/2024,"2,974.40","2,069.30","1,315.70","75,658",Brown
40800,Sedgwick,9/1/2024,"2,799.90","2,078.80","1,298.80","72,106",Brown
40710,Chicago/Franklin,9/1/2024,"4,412.60","2,894.80","1,875","111,080",Brown
40460,Merchandise Mart,9/1/2024,"4,342.70","1,878.80","1,248.30","101,858","Brown, Purple"
40930,Midway Airport,9/1/2024,"5,893.70","3,291.30","2,775.70","147,693",Orange
40960,Pulaski-Orange,9/1/2024,"3,660.70","1,641.50","1,353.30","87,900",Orange
41150,Kedzie-Midway,9/1/2024,"2,514.90","1,379.80","1,060.30","62,179",Orange
40310,Western-Orange,9/1/2024,"2,712.70","1,490.50","1,174","67,260",Orange
40120,35th/Archer,9/1/2024,"2,005","1,054.50",827.8,"49,285",Orange
41060,Ashland-Orange,9/1/2024,"1,254.80",796.3,587.7,"31,807",Orange
41130,Halsted-Orange,9/1/2024,"2,045.80","1,018",822.7,"49,923",Orange
40730,Washington/Wells,9/1/2024,"5,060.60","1,177",928.3,"111,490",Orange
40040,Quincy/Wells,9/1/2024,"5,260.80","1,582","1,479.20","120,419",Orange
40160,LaSalle/Van Buren,9/1/2024,"1,844.90",599,438.8,"41,927",Orange
40850,Library,9/1/2024,"2,898.80","1,982.80","1,485","74,816","Orange, Brown, Pink, Purple"
40680,Adams/Wabash,9/1/2024,"5,161.40","3,151.30","2,460.50","130,595",Orange
41700,Washington/Wabash,9/1/2024,"6,268.60","4,646.30","3,860.20","167,117","Orange, Brown, Purple, Pink"
40260,State/Lake,9/1/2024,"8,678.20","7,128.80","5,942","237,731",Orange
40380,Clark/Lake,9/1/2024,"10,484.70","6,127.50","5,116.30","264,901","Orange, Blue, Brown, Green, Purple, Pink"
40900,Howard,10/1/2024,"3,412.60","2,680","2,214","98,065","Red, Purple, Yellow"
41190,Jarvis,10/1/2024,"1,139.70",978,747.5,"33,116",Red
40100,Morse,10/1/2024,"2,722.30","2,254.30","1,804.30","78,848",Red
41300,Loyola,10/1/2024,"4,103.40","3,720.30","2,555.80","119,483",Red
40760,Granville,10/1/2024,"2,775.20","2,577.80","1,782","81,268",Red
40880,Thorndale,10/1/2024,"2,089.30","1,618.30","1,263.50","59,580",Red
41380,Bryn Mawr,10/1/2024,"1,864.10","1,447.50","1,111.50","53,111",Red
40340,Berwyn,10/1/2024,0,0,0,0,Red
41200,Argyle,10/1/2024,"3,124","2,779.50","2,156.50","91,597",Red
40770,Lawrence,10/1/2024,0,0,0,0,Red
40540,Wilson,10/1/2024,"6,074.40","5,036.80","3,587.80","174,210","Red, Purple"
40080,Sheridan,10/1/2024,"2,881.40","2,294.80","2,341.80","84,819",Red
41420,Addison-North Main,10/1/2024,"4,517.30","4,819.80","4,732","142,106",Red
41320,Belmont-North Main,10/1/2024,"7,477.80","7,234.80","6,377.30","226,438","Red, Purple, Brown"
41220,Fullerton,10/1/2024,"10,274.10","7,585.80","6,492","292,615","Red, Purple, Brown"
40650,North/Clybourn,10/1/2024,"3,552.70","3,834.30","3,019.30","109,127",Red
40630,Clark/Division,10/1/2024,"5,273","5,246.30","5,502.30","164,273",Red
41450,Chicago/State,10/1/2024,"8,257.60","7,726","6,568","247,101",Red
40330,Grand/State,10/1/2024,"6,143.10","8,200.30","7,497.50","204,083",Red
41660,Lake/State,10/1/2024,"11,009.30","9,779","7,969.80","324,209",Red
41090,Monroe/State,10/1/2024,"4,162.30","3,108.50","3,388.80","121,723",Red
40560,Jackson/State,10/1/2024,"4,903.50","3,040.80","4,359.80","142,382",Red
41490,Harrison,10/1/2024,"2,699","2,932.50","3,033","85,939",Red
41400,Roosevelt,10/1/2024,"7,499.40","7,521.50","7,442.50","232,343","Red, Orange, Green"
41000,Cermak-Chinatown,10/1/2024,"3,226.70","5,307","5,988","119,394",Red
40190,Sox-35th-Dan Ryan,10/1/2024,"2,097.60","1,471.80","1,414.80","59,791",Red
41230,47th-Dan Ryan,10/1/2024,"1,430.80","1,102.50",894.5,"40,897",Red
41170,Garfield-Dan Ryan,10/1/2024,"1,890.80","1,549.30","1,038.80","53,841",Red
40910,63rd-Dan Ryan,10/1/2024,"1,434","1,088.50",913.8,"40,990",Red
40990,69th,10/1/2024,"2,376.60","1,958.30","1,401.50","68,101",Red
40240,79th,10/1/2024,"3,225.30","2,439.50","2,023.50","92,033",Red
41430,87th,10/1/2024,"1,874.40","1,426.30","1,143.80","53,391",Red
40450,95th/Dan Ryan,10/1/2024,"4,844.60","3,318.80","2,643.80","135,276",Red
41050,Linden,10/1/2024,510.3,360.8,284.3,"14,317",Purple
41250,Central-Evanston,10/1/2024,422.7,230,188.8,"11,396",Purple
40400,Noyes,10/1/2024,624.9,743.3,329.8,"18,664",Purple
40520,Foster,10/1/2024,451.3,482.5,308.5,"13,543",Purple
40050,Davis,10/1/2024,"1,872.70","1,591.30","1,209.80","54,277",Purple
40690,Dempster,10/1/2024,459.8,452,385.3,"13,924",Purple
40270,Main,10/1/2024,656.7,557,403.3,"18,946",Purple
40840,South Boulevard,10/1/2024,413.9,243.5,201.5,"11,300",Purple
40140,Dempster-Skokie,10/1/2024,843,485.8,436,"23,077",Yellow
41680,Oakton-Skokie,10/1/2024,545,246,205.5,"14,341",Yellow
40890,O'Hare Airport,10/1/2024,"10,338.60","9,299.30","8,976.80","310,891",Blue
40820,Rosemont,10/1/2024,"4,304.50","3,471.80","2,852.50","124,301",Blue
40230,Cumberland,10/1/2024,"2,408.60","1,543.50","1,404","67,187",Blue
40750,Harlem-O'Hare,10/1/2024,"1,718",893,697.8,"45,878",Blue
41280,Jefferson Park,10/1/2024,"4,884.70","3,158","2,458.50","134,813",Blue
41330,Montrose-O'Hare,10/1/2024,"1,824.30","1,080.30",844.3,"49,656",Blue
40550,Irving Park-O'Hare,10/1/2024,"2,881.30","1,877.30","1,514.80","79,837",Blue
41240,Addison-O'Hare,10/1/2024,"1,979.40","1,103.80",854.8,"53,361",Blue
40060,Belmont-O'Hare,10/1/2024,"3,673.30","2,462.50","1,794","101,513",Blue
41020,Logan Square,10/1/2024,"4,517.80","3,312.80","2,807","128,388",Blue
40570,California/Milwaukee,10/1/2024,"3,480.20","2,660.80","2,064","98,943",Blue
40670,Western/Milwaukee,10/1/2024,"3,608.70","2,482","2,043.80","101,104",Blue
40590,Damen/Milwaukee,10/1/2024,"4,114.90","3,825.50","3,005","121,964",Blue
40320,Division/Milwaukee,10/1/2024,"4,121.40","2,977.30","2,393.50","116,275",Blue
41410,Chicago/Milwaukee,10/1/2024,"2,747.80","1,887.30","1,553","76,961",Blue
40490,Grand/Milwaukee,10/1/2024,"2,307.40","1,743.50","1,602.80","66,456",Blue
40370,Washington/Dearborn,10/1/2024,"7,944","5,631","4,830","224,555",Blue
40790,Monroe/Dearborn,10/1/2024,"4,208.70","1,715","1,953.50","111,473",Blue
40070,Jackson/Dearborn,10/1/2024,"4,334.70","2,539.30","3,300.50","123,057",Blue
41340,LaSalle,10/1/2024,"2,054.60","1,098.50","1,120.50","56,132",Blue
40430,Clinton-Forest Park,10/1/2024,"2,142","1,015.80","1,085.50","57,672",Blue
40350,UIC-Halsted,10/1/2024,"5,219.50","2,105.50","2,840.80","139,834",Blue
40470,Racine,10/1/2024,861.4,329.5,424,"22,827",Blue
40810,Medical Center,10/1/2024,"1,546.60",864.3,749,"42,025",Blue
40220,Western-Forest Park,10/1/2024,652.2,508,392.5,"18,602",Blue
40250,Kedzie-Homan-Forest Park,10/1/2024,918.9,652.3,476.3,"25,649",Blue
40920,Pulaski-Forest Park,10/1/2024,698.4,492,417,"19,700",Blue
40970,Cicero-Forest Park,10/1/2024,613.3,370.3,298.5,"16,781",Blue
40010,Austin-Forest Park,10/1/2024,723,373.5,306.8,"19,351",Blue
40180,Oak Park-Forest Park,10/1/2024,647.4,262.3,206.3,"16,764",Blue
40980,Harlem-Forest Park,10/1/2024,417.7,274.5,191.5,"11,472",Blue
40390,Forest Park,10/1/2024,"1,282.60",735.5,601,"34,846",Blue
41030,Polk,10/1/2024,"2,685.80",821.5,774.5,"68,158",Pink
40830,18th,10/1/2024,"1,452.30","1,395.50","1,380.30","44,505",Pink
40210,Damen-Cermak,10/1/2024,"1,278.30",883.5,701.3,"35,741",Pink
40740,Western-Cermak,10/1/2024,934.1,695.3,493,"26,237",Pink
40440,California-Cermak,10/1/2024,"1,116.30",767.5,556.8,"30,972",Pink
41040,Kedzie-Cermak,10/1/2024,880.2,656.8,514.3,"24,928",Pink
40780,Central Park,10/1/2024,845.4,580,448.5,"23,559",Pink
40150,Pulaski-Cermak,10/1/2024,834.3,561.5,421.8,"23,121",Pink
40600,Kostner,10/1/2024,315.5,200,149.3,"8,654",Pink
40420,Cicero-Cermak,10/1/2024,941.2,799.3,565,"27,105",Pink
40580,54th/Cermak,10/1/2024,"1,780","1,123.30",801.8,"48,641",Pink
40020,Harlem-Lake,10/1/2024,"2,196.60","1,564.80","1,257.80","61,811",Green
41350,Oak Park-Lake,10/1/2024,863.9,574.8,456.3,"23,994",Green
40610,Ridgeland,10/1/2024,778.3,363,281,"20,476",Green
41260,Austin-Lake,10/1/2024,"1,036.30",626.5,515,"28,401",Green
40280,Central-Lake,10/1/2024,"1,322.30",901.3,730.5,"36,941",Green
40700,Laramie,10/1/2024,725.7,440.3,343,"19,823",Green
40480,Cicero-Lake,10/1/2024,786.8,560.8,456.8,"22,166",Green
40030,Pulaski-Lake,10/1/2024,959.1,694.3,562.5,"27,086",Green
41670,Conservatory,10/1/2024,562.3,527.3,418.8,"16,717",Green
41070,Kedzie-Lake,10/1/2024,803.7,521,378.3,"22,082",Green
41360,California-Lake,10/1/2024,817.5,458.5,371.3,"22,121",Green
41710,Damen-Lake,10/1/2024,914.7,"1,060.80",622.5,"27,771",Green
40170,Ashland-Lake,10/1/2024,"1,915.50","1,376.50","1,152.30","54,171","Green, Pink"
41510,Morgan-Lake,10/1/2024,"3,783.60","3,731","3,198","114,739",Green
41160,Clinton-Lake,10/1/2024,"2,881.10","1,522.50","1,450.30","78,156","Green, Pink"
41690,Cermak-McCormick Place,10/1/2024,"1,823.60","2,632","2,588.50","62,824",Green
41120,35-Bronzeville-IIT,10/1/2024,"1,203.90",808.5,"1,006.30","34,948",Green
40300,Indiana,10/1/2024,444.4,287.3,252,"12,379",Green
41270,43rd,10/1/2024,587.3,382.8,306.5,"16,264",Green
41080,47th-South Elevated,10/1/2024,629.5,449,357,"17,702",Green
40130,51st,10/1/2024,596.3,458.5,372.5,"17,039",Green
40510,Garfield-South Elevated,10/1/2024,765.9,679.5,485.5,"22,275",Green
41140,King Drive,10/1/2024,292.5,216.5,157,"8,222",Green
40720,East 63rd-Cottage Grove,10/1/2024,659,486.5,380,"18,623",Green
40940,Halsted/63rd,10/1/2024,359.5,232.3,169.5,"9,875",Green
40290,Ashland/63rd,10/1/2024,634.7,440.3,381.3,"17,885",Green
41290,Kimball,10/1/2024,"2,849.70","1,722","1,643","79,004",Brown
41180,Kedzie-Brown,10/1/2024,"1,357.60",895.8,866.3,"38,273",Brown
40870,Francisco,10/1/2024,972,556.8,511.5,"26,630",Brown
41010,Rockwell,10/1/2024,"1,236.30",666,568.8,"33,375",Brown
41480,Western-Brown,10/1/2024,"1,641.60","2,113.30","1,718","53,081",Brown
40090,Damen-Brown,10/1/2024,"1,890.50","1,024.50",921.8,"51,267",Brown
41500,Montrose-Brown,10/1/2024,"1,499.30",987.8,843.5,"41,810",Brown
41460,Irving Park-Brown,10/1/2024,"1,778.10","1,833.50",954.8,"52,050",Brown
41440,Addison-Brown,10/1/2024,"1,363.50",846,668,"37,417",Brown
41310,Paulina,10/1/2024,"1,834.90","1,364",954,"51,474",Brown
40360,Southport,10/1/2024,"2,272.30","1,982","1,434.80","65,931",Brown
41210,Wellington,10/1/2024,"2,075.60","1,219.30",972.8,"56,507",Brown
40530,Diversey,10/1/2024,"3,497.70","2,295","1,964.30","97,484",Brown
40660,Armitage,10/1/2024,"3,040.30","2,243.80","1,509.80","84,942",Brown
40800,Sedgwick,10/1/2024,"2,807.70","2,142.50","2,353","82,558",Brown
40710,Chicago/Franklin,10/1/2024,"4,348.80","2,894.50","2,497","121,589",Brown
40460,Merchandise Mart,10/1/2024,"4,460.20","1,916.30","1,702.50","117,060","Brown, Purple"
40930,Midway Airport,10/1/2024,"5,706.70","3,443","2,795.50","156,209",Orange
40960,Pulaski-Orange,10/1/2024,"3,603.20","1,823.80","1,359.30","95,605",Orange
41150,Kedzie-Midway,10/1/2024,"2,474.80","1,443.80","1,022.50","66,786",Orange
40310,Western-Orange,10/1/2024,"2,676","1,565","1,103.50","72,221",Orange
40120,35th/Archer,10/1/2024,"1,962.80","1,173.80",841.3,"53,204",Orange
41060,Ashland-Orange,10/1/2024,"1,240",803,660.8,"34,374",Orange
41130,Halsted-Orange,10/1/2024,"1,990.20","1,041.80","1,067.30","54,211",Orange
40730,Washington/Wells,10/1/2024,"5,139.30","1,198.30","1,281.80","128,123",Orange
40040,Quincy/Wells,10/1/2024,"5,389.20","2,097.30","1,776","139,445",Orange
40160,LaSalle/Van Buren,10/1/2024,"1,897.60",661,490.3,"48,249",Orange
40850,Library,10/1/2024,"2,698","1,946","2,137.50","78,389","Orange, Brown, Pink, Purple"
40680,Adams/Wabash,10/1/2024,"5,198.40","3,364.50","4,580.30","151,342",Orange
41700,Washington/Wabash,10/1/2024,"6,309.70","5,429.80","4,625.50","185,343","Orange, Brown, Purple, Pink"
40260,State/Lake,10/1/2024,"8,779.30","8,505","6,418.30","261,618",Orange
40380,Clark/Lake,10/1/2024,"11,250.40","7,149.30","6,869.80","314,835","Orange, Blue, Brown, Green, Purple, Pink"
40900,Howard,11/1/2024,"3,217.40","2,535.40","2,127.20","87,661","Red, Purple, Yellow"
41190,Jarvis,11/1/2024,"1,047.40",879,635.6,"28,520",Red
40100,Morse,11/1/2024,"2,572.80","2,064.40","1,583.20","69,694",Red
41300,Loyola,11/1/2024,"3,646.60","3,141.60","2,096.80","99,124",Red
40760,Granville,11/1/2024,"2,511.20","2,262.20","1,530.60","69,187",Red
40880,Thorndale,11/1/2024,"1,905.40","1,454.40","1,098.40","50,871",Red
41380,Bryn Mawr,11/1/2024,"1,639.30","1,265.20",939.4,"43,809",Red
40340,Berwyn,11/1/2024,0,0,0,0,Red
41200,Argyle,11/1/2024,"2,823.40","2,433.40","1,846","77,865",Red
40770,Lawrence,11/1/2024,0,0,0,0,Red
40540,Wilson,11/1/2024,"5,551.60","4,203.80","3,002.80","147,064","Red, Purple"
40080,Sheridan,11/1/2024,"2,522","1,996.60","1,430.60","67,576",Red
41420,Addison-North Main,11/1/2024,"3,791.80","6,071.20","2,907.40","120,728",Red
41320,Belmont-North Main,11/1/2024,"6,516.10","6,219.60","4,245.40","182,647","Red, Purple, Brown"
41220,Fullerton,11/1/2024,"7,406.30","5,574.60","3,845.20","195,224","Red, Purple, Brown"
40650,North/Clybourn,11/1/2024,"3,026.90","3,080.60","2,129.60","86,589",Red
40630,Clark/Division,11/1/2024,"4,657.90","4,560.60","3,086.80","131,395",Red
41450,Chicago/State,11/1/2024,"7,481.90","7,361.40","4,529.20","209,091",Red
40330,Grand/State,11/1/2024,"5,420.90","7,867.80","5,085.60","173,185",Red
41660,Lake/State,11/1/2024,"10,092.30","9,385.40","6,204.40","279,794",Red
41090,Monroe/State,11/1/2024,"3,769.70","2,616","1,967.80","98,313",Red
40560,Jackson/State,11/1/2024,"3,627","2,179.60","1,669.60","91,786",Red
41490,Harrison,11/1/2024,"2,184.50","2,171.60","1,729.20","63,193",Red
41400,Roosevelt,11/1/2024,"6,652.50","5,719.80","6,483.40","194,065","Red, Orange, Green"
41000,Cermak-Chinatown,11/1/2024,"2,672.90","3,871.60","3,161","88,620",Red
40190,Sox-35th-Dan Ryan,11/1/2024,"1,900","1,257.80","1,004.80","49,313",Red
41230,47th-Dan Ryan,11/1/2024,"1,351.50","1,050.40",798.6,"36,275",Red
41170,Garfield-Dan Ryan,11/1/2024,"1,695.70","1,325",928,"45,178",Red
40910,63rd-Dan Ryan,11/1/2024,"1,321.30",964.8,837.2,"35,435",Red
40990,69th,11/1/2024,"2,116.40","1,666","1,254.40","56,930",Red
40240,79th,11/1/2024,"3,046.70","2,252.60","1,892.40","81,658",Red
41430,87th,11/1/2024,"1,738.50","1,282.40","1,041.60","46,389",Red
40450,95th/Dan Ryan,11/1/2024,"4,516","3,048.20","2,418.20","117,652",Red
41050,Linden,11/1/2024,448.7,341.4,164.6,"11,504",Purple
41250,Central-Evanston,11/1/2024,426.7,247,156,"10,549",Purple
40400,Noyes,11/1/2024,552.5,465,217,"14,460",Purple
40520,Foster,11/1/2024,408.2,463.2,212.2,"11,540",Purple
40050,Davis,11/1/2024,"1,750.70","1,446.60",815.4,"46,323",Purple
40690,Dempster,11/1/2024,421.5,405.8,248,"11,698",Purple
40270,Main,11/1/2024,639,497.8,297.4,"16,756",Purple
40840,South Boulevard,11/1/2024,380.9,234.6,140.2,"9,492",Purple
40140,Dempster-Skokie,11/1/2024,772.5,479,289.2,"19,290",Yellow
41680,Oakton-Skokie,11/1/2024,500.1,189.8,146.4,"11,683",Yellow
40890,O'Hare Airport,11/1/2024,"8,858","8,522.60","7,661.80","258,081",Blue
40820,Rosemont,11/1/2024,"3,833.50","2,805.60","2,105","101,223",Blue
40230,Cumberland,11/1/2024,"2,109.80","1,237.80",940.2,"53,085",Blue
40750,Harlem-O'Hare,11/1/2024,"1,559.60",838.2,602.4,"38,394",Blue
41280,Jefferson Park,11/1/2024,"4,555.80","2,915.80","2,244.40","116,917",Blue
41330,Montrose-O'Hare,11/1/2024,"1,676","1,011",753.6,"42,343",Blue
40550,Irving Park-O'Hare,11/1/2024,"2,640","1,710.40","1,320.60","67,955",Blue
41240,Addison-O'Hare,11/1/2024,"1,808.20","1,040.20",761.6,"45,173",Blue
40060,Belmont-O'Hare,11/1/2024,"3,432.10","2,294","1,672.20","88,473",Blue
41020,Logan Square,11/1/2024,"4,159.70","2,999.20","2,054","108,459",Blue
40570,California/Milwaukee,11/1/2024,"3,183.30","2,397.60","1,652.20","83,915",Blue
40670,Western/Milwaukee,11/1/2024,"3,241.90","2,182.40","1,544.20","83,471",Blue
40590,Damen/Milwaukee,11/1/2024,"3,773.90","3,670.20","2,421.80","105,938",Blue
40320,Division/Milwaukee,11/1/2024,"3,766.50","2,765.20","1,929.80","98,805",Blue
41410,Chicago/Milwaukee,11/1/2024,"2,557.50","1,734.20","1,316","66,401",Blue
40490,Grand/Milwaukee,11/1/2024,"2,082.20","1,646","1,271.60","56,231",Blue
40370,Washington/Dearborn,11/1/2024,"7,537.60","5,545","4,077.80","198,866",Blue
40790,Monroe/Dearborn,11/1/2024,"3,720.60","1,372.60","1,290.60","87,727",Blue
40070,Jackson/Dearborn,11/1/2024,"3,591","1,919.80","1,802.80","90,432",Blue
41340,LaSalle,11/1/2024,"1,808.40",885,772.8,"44,456",Blue
40430,Clinton-Forest Park,11/1/2024,"1,961.70","1,024.80",825.2,"48,483",Blue
40350,UIC-Halsted,11/1/2024,"4,651.80","1,663","1,240.60","107,554",Blue
40470,Racine,11/1/2024,733.5,365,241,"17,700",Blue
40810,Medical Center,11/1/2024,"1,459.70",667.6,544.6,"35,254",Blue
40220,Western-Forest Park,11/1/2024,596,417.2,347,"15,740",Blue
40250,Kedzie-Homan-Forest Park,11/1/2024,890.6,596.6,517.4,"23,381",Blue
40920,Pulaski-Forest Park,11/1/2024,664.7,510.2,443,"18,060",Blue
40970,Cicero-Forest Park,11/1/2024,573.2,365.2,303.4,"14,806",Blue
40010,Austin-Forest Park,11/1/2024,658.7,325.2,264.8,"16,124",Blue
40180,Oak Park-Forest Park,11/1/2024,581,247.6,199.8,"13,857",Blue
40980,Harlem-Forest Park,11/1/2024,399.5,222,161.6,"9,907",Blue
40390,Forest Park,11/1/2024,"1,214.30",663.8,518.8,"30,198",Blue
41030,Polk,11/1/2024,"2,393",660,506.6,"53,692",Pink
40830,18th,11/1/2024,"1,307.10","1,140",820.2,"35,942",Pink
40210,Damen-Cermak,11/1/2024,"1,167.10",760.6,580.6,"30,048",Pink
40740,Western-Cermak,11/1/2024,833.8,571,417.8,"21,620",Pink
40440,California-Cermak,11/1/2024,"1,029.60",683.6,489.4,"26,457",Pink
41040,Kedzie-Cermak,11/1/2024,821.8,572.6,400.4,"21,301",Pink
40780,Central Park,11/1/2024,785.7,528.6,378,"20,246",Pink
40150,Pulaski-Cermak,11/1/2024,746.7,496,395.4,"19,391",Pink
40600,Kostner,11/1/2024,322.6,185.8,137.4,"8,067",Pink
40420,Cicero-Cermak,11/1/2024,881.9,864.8,591.2,"24,918",Pink
40580,54th/Cermak,11/1/2024,"1,546.60",846,587.6,"38,100",Pink
40020,Harlem-Lake,11/1/2024,"2,072.80","1,526.80","1,053.80","54,358",Green
41350,Oak Park-Lake,11/1/2024,764.2,482.6,339.8,"19,395",Green
40610,Ridgeland,11/1/2024,679.6,336.6,231.6,"16,433",Green
41260,Austin-Lake,11/1/2024,959.7,500.8,451.4,"23,955",Green
40280,Central-Lake,11/1/2024,"1,227",906.6,639.8,"32,271",Green
40700,Laramie,11/1/2024,662.7,407,328.8,"16,932",Green
40480,Cicero-Lake,11/1/2024,710.1,507,415,"18,811",Green
40030,Pulaski-Lake,11/1/2024,905.4,650,511.6,"23,916",Green
41670,Conservatory,11/1/2024,512.5,445.2,332.6,"14,139",Green
41070,Kedzie-Lake,11/1/2024,726.8,448.6,354,"18,549",Green
41360,California-Lake,11/1/2024,726.6,393.6,303.8,"18,019",Green
41710,Damen-Lake,11/1/2024,897.5,638,573.2,"24,005",Green
40170,Ashland-Lake,11/1/2024,"1,700.80","1,143.20",836.8,"43,915","Green, Pink"
41510,Morgan-Lake,11/1/2024,"3,346.30","3,054.80","2,191.40","93,156",Green
41160,Clinton-Lake,11/1/2024,"2,566.40","1,241.80",917,"62,121","Green, Pink"
41690,Cermak-McCormick Place,11/1/2024,"1,424.50","1,079.40",967.8,"38,725",Green
41120,35-Bronzeville-IIT,11/1/2024,"1,103.80",670.4,499.6,"27,925",Green
40300,Indiana,11/1/2024,410.7,260.2,225.4,"10,641",Green
41270,43rd,11/1/2024,547.4,345.6,287.6,"14,113",Green
41080,47th-South Elevated,11/1/2024,577.2,390.2,301.6,"15,002",Green
40130,51st,11/1/2024,531.9,383,314.8,"14,126",Green
40510,Garfield-South Elevated,11/1/2024,686.3,520.4,396.6,"18,310",Green
41140,King Drive,11/1/2024,281.3,185,155.4,"7,327",Green
40720,East 63rd-Cottage Grove,11/1/2024,612.9,434.6,354,"16,201",Green
40940,Halsted/63rd,11/1/2024,342.6,229,173.4,"8,864",Green
40290,Ashland/63rd,11/1/2024,617.7,424.4,337.4,"16,163",Green
41290,Kimball,11/1/2024,"2,720.20","2,024.60","1,447.20","71,763",Brown
41180,Kedzie-Brown,11/1/2024,"1,287.50","1,041.20",750.6,"34,708",Brown
40870,Francisco,11/1/2024,908,644.6,412.2,"23,443",Brown
41010,Rockwell,11/1/2024,"1,077.20",716,478,"27,514",Brown
41480,Western-Brown,11/1/2024,"1,604.90","1,283",856,"42,792",Brown
40090,Damen-Brown,11/1/2024,"1,666.10","1,138.20",761.4,"42,819",Brown
41500,Montrose-Brown,11/1/2024,"1,364.50","1,025.20",636.4,"35,598",Brown
41460,Irving Park-Brown,11/1/2024,"1,617.40","1,033.40",656,"40,795",Brown
41440,Addison-Brown,11/1/2024,"1,209.30",760.4,548.2,"30,728",Brown
41310,Paulina,11/1/2024,"1,635.10","1,176.80",737.2,"42,272",Brown
40360,Southport,11/1/2024,"1,974.40","1,883","1,094","54,372",Brown
41210,Wellington,11/1/2024,"1,828.30","1,082.20",702.6,"45,490",Brown
40530,Diversey,11/1/2024,"3,080","2,025.80","1,286","78,159",Brown
40660,Armitage,11/1/2024,"2,593.40","1,882.60","1,170.20","67,131",Brown
40800,Sedgwick,11/1/2024,"2,459.50","1,710.40","1,191.60","63,700",Brown
40710,Chicago/Franklin,11/1/2024,"3,904.10","2,552.40","1,606.20","98,874",Brown
40460,Merchandise Mart,11/1/2024,"3,834.30","1,641",991,"89,845","Brown, Purple"
40930,Midway Airport,11/1/2024,"5,132.20","3,071.20","2,361.20","129,806",Orange
40960,Pulaski-Orange,11/1/2024,"3,219.60","1,611.60","1,149.60","78,197",Orange
41150,Kedzie-Midway,11/1/2024,"2,284.20","1,342.60",925,"57,022",Orange
40310,Western-Orange,11/1/2024,"2,491.80","1,476.80","1,019.20","62,316",Orange
40120,35th/Archer,11/1/2024,"1,804.80","1,005.80",752.4,"44,886",Orange
41060,Ashland-Orange,11/1/2024,"1,120.40",695.4,522.6,"28,498",Orange
41130,Halsted-Orange,11/1/2024,"1,794.90",892.8,715,"43,937",Orange
40730,Washington/Wells,11/1/2024,"4,519.60",977.8,768.6,"99,124",Orange
40040,Quincy/Wells,11/1/2024,"4,589","1,499","1,087.80","104,714",Orange
40160,LaSalle/Van Buren,11/1/2024,"1,705.40",495.4,354.6,"38,357",Orange
40850,Library,11/1/2024,"2,199.10","1,323.80","1,149.20","56,347","Orange, Brown, Pink, Purple"
40680,Adams/Wabash,11/1/2024,"4,291.40","2,308.60","1,988","107,310",Orange
41700,Washington/Wabash,11/1/2024,"6,035.70","5,020.40","3,368","162,656","Orange, Brown, Purple, Pink"
40260,State/Lake,11/1/2024,"7,719.60","6,594","4,675.80","210,740",Orange
40380,Clark/Lake,11/1/2024,"9,785","5,753","4,555.40","247,242","Orange, Blue, Brown, Green, Purple, Pink"
40900,Howard,12/1/2024,"2,866","2,303.50","1,676.80","79,461","Red, Purple, Yellow"
41190,Jarvis,12/1/2024,875.7,722,461.8,"24,048",Red
40100,Morse,12/1/2024,"2,266.40","1,766","1,221","61,985",Red
41300,Loyola,12/1/2024,"2,579","2,129.80","1,266.30","70,276",Red
40760,Granville,12/1/2024,"1,898.20","1,601.50",982.7,"52,165",Red
40880,Thorndale,12/1/2024,"1,653.40","1,210.30",813.5,"44,444",Red
41380,Bryn Mawr,12/1/2024,"1,443","1,080.80",803.7,"39,447",Red
40340,Berwyn,12/1/2024,0,0,0,0,Red
41200,Argyle,12/1/2024,"2,448.60","2,063.50","1,441.50","68,323",Red
40770,Lawrence,12/1/2024,0,0,0,0,Red
40540,Wilson,12/1/2024,"4,692.40","3,733.50","2,430","128,055","Red, Purple"
40080,Sheridan,12/1/2024,"2,172.40","1,690.50","1,070.70","58,806",Red
41420,Addison-North Main,12/1/2024,"3,646.80","4,035.30","2,221","106,049",Red
41320,Belmont-North Main,12/1/2024,"5,728.20","5,348.80","3,216.70","160,988","Red, Purple, Brown"
41220,Fullerton,12/1/2024,"4,637.90","3,931.30","2,393","127,479","Red, Purple, Brown"
40650,North/Clybourn,12/1/2024,"2,744.30","2,625.30","1,718.50","78,442",Red
40630,Clark/Division,12/1/2024,"4,320.30","3,835.80","2,404","120,493",Red
41450,Chicago/State,12/1/2024,"6,527","6,116","3,783","184,230",Red
40330,Grand/State,12/1/2024,"5,223.80","6,081.50","4,053","158,344",Red
41660,Lake/State,12/1/2024,"9,452","8,530.50","5,342.30","264,667",Red
41090,Monroe/State,12/1/2024,"3,421.20","2,436.30","1,451.70","90,300",Red
40560,Jackson/State,12/1/2024,"2,561","1,732.50","1,188.50","67,842",Red
41490,Harrison,12/1/2024,"1,841.70","1,677.80","1,153.70","52,308",Red
41400,Roosevelt,12/1/2024,"5,950.60","5,061","3,946.80","168,887","Red, Orange, Green"
41000,Cermak-Chinatown,12/1/2024,"2,373.30","3,116.80","2,284.30","76,013",Red
40190,Sox-35th-Dan Ryan,12/1/2024,"1,529.90","1,046.80",758.3,"40,864",Red
41230,47th-Dan Ryan,12/1/2024,"1,249.20",937,701.8,"34,192",Red
41170,Garfield-Dan Ryan,12/1/2024,"1,460.30","1,128.50",755.2,"39,712",Red
40910,63rd-Dan Ryan,12/1/2024,"1,188.40",898.3,737.8,"32,977",Red
40990,69th,12/1/2024,"1,810","1,432.80","1,064","50,126",Red
40240,79th,12/1/2024,"2,808","2,166.80","1,745.20","78,107",Red
41430,87th,12/1/2024,"1,556","1,192.80",898.5,"42,839",Red
40450,95th/Dan Ryan,12/1/2024,"3,989.20","2,765.80","2,111.20","107,504",Red
41050,Linden,12/1/2024,451,390.3,166.3,"12,031",Purple
41250,Central-Evanston,12/1/2024,381,221.8,153.2,"9,807",Purple
40400,Noyes,12/1/2024,382.5,230.5,145.5,"9,828",Purple
40520,Foster,12/1/2024,285.1,212.3,144.7,"7,704",Purple
40050,Davis,12/1/2024,"1,483.90","1,072.80",767.2,"40,056",Purple
40690,Dempster,12/1/2024,383.8,330,238,"10,808",Purple
40270,Main,12/1/2024,572.4,458.3,288.3,"15,583",Purple
40840,South Boulevard,12/1/2024,356.6,206.5,158.3,"9,264",Purple
40140,Dempster-Skokie,12/1/2024,697,451,297,"18,222",Yellow
41680,Oakton-Skokie,12/1/2024,404.9,223.3,148.5,"10,287",Yellow
40890,O'Hare Airport,12/1/2024,"8,094","7,351","7,753.50","245,898",Blue
40820,Rosemont,12/1/2024,"3,297.50","2,588.50","1,943.20","91,260",Blue
40230,Cumberland,12/1/2024,"1,834","1,204.50",898.7,"48,724",Blue
40750,Harlem-O'Hare,12/1/2024,"1,363.50",789.3,555.2,"35,122",Blue
41280,Jefferson Park,12/1/2024,"4,065.60","2,822","2,100.20","109,267",Blue
41330,Montrose-O'Hare,12/1/2024,"1,452.60",915.3,692.2,"38,318",Blue
40550,Irving Park-O'Hare,12/1/2024,"2,363.10","1,585.30","1,185.30","63,078",Blue
41240,Addison-O'Hare,12/1/2024,"1,572.50",946.8,663.3,"40,789",Blue
40060,Belmont-O'Hare,12/1/2024,"3,032.50","2,171.30","1,482.80","81,264",Blue
41020,Logan Square,12/1/2024,"3,704.80","2,759.50","1,836.80","99,859",Blue
40570,California/Milwaukee,12/1/2024,"2,794.40","2,183.80","1,382.50","75,712",Blue
40670,Western/Milwaukee,12/1/2024,"2,859.10","2,009.80","1,336.50","76,099",Blue
40590,Damen/Milwaukee,12/1/2024,"3,395","3,270.80","1,932.70","95,974",Blue
40320,Division/Milwaukee,12/1/2024,"3,318.90","2,456.80","1,546.30","88,802",Blue
41410,Chicago/Milwaukee,12/1/2024,"2,277.40","1,699.80","1,096.50","61,204",Blue
40490,Grand/Milwaukee,12/1/2024,"1,839.10","1,415.30","1,027.20","50,445",Blue
40370,Washington/Dearborn,12/1/2024,"7,034.50","5,437.80","3,777.70","192,141",Blue
40790,Monroe/Dearborn,12/1/2024,"3,118.80","1,301.80",968.8,"76,514",Blue
40070,Jackson/Dearborn,12/1/2024,"2,771.30","1,513.50","1,150.80","71,156",Blue
41340,LaSalle,12/1/2024,"1,394.20",741.5,534.7,"35,453",Blue
40430,Clinton-Forest Park,12/1/2024,"1,729",957,798.2,"44,926",Blue
40350,UIC-Halsted,12/1/2024,"2,501.80","1,209.30",809.7,"62,233",Blue
40470,Racine,12/1/2024,645.4,352,196.3,"16,139",Blue
40810,Medical Center,12/1/2024,"1,155.10",599.8,429.5,"29,234",Blue
40220,Western-Forest Park,12/1/2024,505.3,389.5,265.8,"13,765",Blue
40250,Kedzie-Homan-Forest Park,12/1/2024,785.2,545.3,460.3,"21,432",Blue
40920,Pulaski-Forest Park,12/1/2024,594.3,474.8,390.3,"16,721",Blue
40970,Cicero-Forest Park,12/1/2024,534.4,355.3,269.7,"14,262",Blue
40010,Austin-Forest Park,12/1/2024,546,295.8,217,"13,951",Blue
40180,Oak Park-Forest Park,12/1/2024,473.9,228,147.5,"11,749",Blue
40980,Harlem-Forest Park,12/1/2024,340.9,225,137.2,"8,881",Blue
40390,Forest Park,12/1/2024,"1,037.80",646.8,451.7,"27,090",Blue
41030,Polk,12/1/2024,"1,919",522,369,"44,600",Pink
40830,18th,12/1/2024,"1,100.40",918.8,668.3,"30,794",Pink
40210,Damen-Cermak,12/1/2024,992.9,636,451.7,"26,105",Pink
40740,Western-Cermak,12/1/2024,712.4,520.5,353.5,"19,163",Pink
40440,California-Cermak,12/1/2024,901.5,613.5,432,"23,977",Pink
41040,Kedzie-Cermak,12/1/2024,711.1,495.5,347.2,"18,999",Pink
40780,Central Park,12/1/2024,670.7,465.8,328.7,"17,920",Pink
40150,Pulaski-Cermak,12/1/2024,674.1,491,359.5,"18,278",Pink
40600,Kostner,12/1/2024,281.7,176,117.3,"7,323",Pink
40420,Cicero-Cermak,12/1/2024,743.5,637.3,456.8,"20,903",Pink
40580,54th/Cermak,12/1/2024,"1,342.50",884.5,618,"35,439",Pink
40020,Harlem-Lake,12/1/2024,"1,837.90","1,300.30",891.3,"49,145",Green
41350,Oak Park-Lake,12/1/2024,669.6,408.5,269.5,"17,312",Green
40610,Ridgeland,12/1/2024,609,299.3,190.5,"15,128",Green
41260,Austin-Lake,12/1/2024,863,531.8,384.5,"22,557",Green
40280,Central-Lake,12/1/2024,"1,098.70",779,559.5,"29,545",Green
40700,Laramie,12/1/2024,576.4,353.5,285.7,"15,233",Green
40480,Cicero-Lake,12/1/2024,639,482.8,358.7,"17,502",Green
40030,Pulaski-Lake,12/1/2024,799.5,580,446.5,"21,788",Green
41670,Conservatory,12/1/2024,443.3,423.8,317.2,"12,908",Green
41070,Kedzie-Lake,12/1/2024,644.2,406.8,288.2,"16,884",Green
41360,California-Lake,12/1/2024,652.4,394.8,296.5,"17,059",Green
41710,Damen-Lake,12/1/2024,662.5,800.5,471.3,"19,942",Green
40170,Ashland-Lake,12/1/2024,"1,359.90",969.5,624.8,"36,184","Green, Pink"
41510,Morgan-Lake,12/1/2024,"2,907.50","2,705.50","1,746.30","82,358",Green
41160,Clinton-Lake,12/1/2024,"2,166","1,112.30",764.2,"54,521","Green, Pink"
41690,Cermak-McCormick Place,12/1/2024,"1,091.90",945.5,655.7,"30,645",Green
41120,35-Bronzeville-IIT,12/1/2024,756.6,464.8,324.5,"19,694",Green
40300,Indiana,12/1/2024,358.1,240,176,"9,536",Green
41270,43rd,12/1/2024,465.4,294.3,228.5,"12,322",Green
41080,47th-South Elevated,12/1/2024,517.6,401.3,262,"14,046",Green
40130,51st,12/1/2024,470.9,371.3,281.2,"13,061",Green
40510,Garfield-South Elevated,12/1/2024,610,446,306.7,"16,433",Green
41140,King Drive,12/1/2024,252.4,192,140.3,"6,911",Green
40720,East 63rd-Cottage Grove,12/1/2024,539.4,388.8,283,"14,581",Green
40940,Halsted/63rd,12/1/2024,290.6,197.5,142.5,"7,747",Green
40290,Ashland/63rd,12/1/2024,583.3,399.8,324.2,"15,793",Green
41290,Kimball,12/1/2024,"2,471.70","2,002.30","1,372.20","68,147",Brown
41180,Kedzie-Brown,12/1/2024,"1,165.80",983.5,665.8,"32,411",Brown
40870,Francisco,12/1/2024,811.9,619.3,373.7,"21,768",Brown
41010,Rockwell,12/1/2024,880.6,659.3,368.3,"23,339",Brown
41480,Western-Brown,12/1/2024,"1,836.40","1,599.30",942.3,"50,615",Brown
40090,Damen-Brown,12/1/2024,"1,405.10",979,590.7,"36,968",Brown
41500,Montrose-Brown,12/1/2024,"1,204.90",952,578.5,"32,581",Brown
41460,Irving Park-Brown,12/1/2024,"1,443.80",976,556.8,"37,565",Brown
41440,Addison-Brown,12/1/2024,"1,098.90",688.3,432.5,"28,425",Brown
41310,Paulina,12/1/2024,"1,411.50","1,056",601,"37,471",Brown
40360,Southport,12/1/2024,"1,791.90","1,664",929.5,"49,862",Brown
41210,Wellington,12/1/2024,"1,574.10",994.5,501.3,"40,043",Brown
40530,Diversey,12/1/2024,"2,649.50","1,597.30",970,"67,849",Brown
40660,Armitage,12/1/2024,"2,319.60","1,602.50",864.3,"60,307",Brown
40800,Sedgwick,12/1/2024,"2,166.70","1,507.80",936.8,"57,152",Brown
40710,Chicago/Franklin,12/1/2024,"3,421.70","2,211","1,287.70","88,425",Brown
40460,Merchandise Mart,12/1/2024,"3,410.90","1,784.30",908.2,"84,215","Brown, Purple"
40930,Midway Airport,12/1/2024,"4,383","2,741.80","2,120.80","115,736",Orange
40960,Pulaski-Orange,12/1/2024,"2,666.40","1,433.30",987.3,"67,652",Orange
41150,Kedzie-Midway,12/1/2024,"1,933.60","1,172.50",797,"50,077",Orange
40310,Western-Orange,12/1/2024,"2,108.70","1,293.80",891.2,"54,805",Orange
40120,35th/Archer,12/1/2024,"1,497.20",866.3,611.7,"38,576",Orange
41060,Ashland-Orange,12/1/2024,989.9,646,434.7,"25,980",Orange
41130,Halsted-Orange,12/1/2024,"1,339",810.3,547,"34,641",Orange
40730,Washington/Wells,12/1/2024,"3,925.10","1,001.30",678.8,"90,506",Orange
40040,Quincy/Wells,12/1/2024,"3,893.40","1,337.80",896.7,"92,492",Orange
40160,LaSalle/Van Buren,12/1/2024,"1,470.10",439.5,265.3,"34,222",Orange
40850,Library,12/1/2024,"1,621.40","1,053",721.2,"42,589","Orange, Brown, Pink, Purple"
40680,Adams/Wabash,12/1/2024,"3,134.20","1,966.50","1,243.80","81,147",Orange
41700,Washington/Wabash,12/1/2024,"5,508.70","4,567","2,996.80","151,932","Orange, Brown, Purple, Pink"
40260,State/Lake,12/1/2024,"6,460","5,634.80","3,651.50","180,109",Orange
40380,Clark/Lake,12/1/2024,"8,508.90","5,191.30","3,640.50","221,294","Orange, Blue, Brown, Green, Purple, Pink"
40900,Howard,1/1/2025,"2,788.30","2,079","1,644.60","77,882","Red, Purple, Yellow"
41190,Jarvis,1/1/2025,865.4,711.8,500.4,"24,388",Red
40100,Morse,1/1/2025,"2,235.40","1,777.30","1,396.80","63,272",Red
41300,Loyola,1/1/2025,"2,815","2,309.80","1,535.40","78,846",Red
40760,Granville,1/1/2025,"1,994.20","1,634.30","1,191.60","56,367",Red
40880,Thorndale,1/1/2025,"1,606","1,204.30",911.6,"44,708",Red
41380,Bryn Mawr,1/1/2025,"1,381.10","1,060.50",785.8,"38,556",Red
40340,Berwyn,1/1/2025,0,0,0,0,Red
41200,Argyle,1/1/2025,"2,389.70","2,086","1,465","68,243",Red
40770,Lawrence,1/1/2025,0,0,0,0,Red
40540,Wilson,1/1/2025,"4,743.50","3,470.80","2,465.80","130,569","Red, Purple"
40080,Sheridan,1/1/2025,"2,269.10","1,806.50","1,269.80","63,495",Red
41420,Addison-North Main,1/1/2025,"3,273.30","3,560","2,452","98,512",Red
41320,Belmont-North Main,1/1/2025,"6,013","5,340.30","3,960.80","173,452","Red, Purple, Brown"
41220,Fullerton,1/1/2025,"7,887.10","4,949.30","3,535","210,989","Red, Purple, Brown"
40650,North/Clybourn,1/1/2025,"2,683.70","2,662","1,902.80","79,204",Red
40630,Clark/Division,1/1/2025,"4,164.70","3,628.50","2,575.60","119,016",Red
41450,Chicago/State,1/1/2025,"6,065","5,037.30","3,806.20","172,611",Red
40330,Grand/State,1/1/2025,"4,250.60","5,149.80","4,397.20","136,098",Red
41660,Lake/State,1/1/2025,"8,385.70","6,339","4,411.80","231,900",Red
41090,Monroe/State,1/1/2025,"3,337.50","1,936.50","1,330.60","87,825",Red
40560,Jackson/State,1/1/2025,"3,767","1,620.80","1,135.80","95,037",Red
41490,Harrison,1/1/2025,"1,793.60","1,513.30","1,147","51,247",Red
41400,Roosevelt,1/1/2025,"5,322.50","4,695.50","3,474.80","153,251","Red, Orange, Green"
41000,Cermak-Chinatown,1/1/2025,"2,635.90","3,736","2,643.40","86,151",Red
40190,Sox-35th-Dan Ryan,1/1/2025,"1,996.20","1,277",984.6,"53,948",Red
41230,47th-Dan Ryan,1/1/2025,"1,585.40","1,192.30",923.6,"44,266",Red
41170,Garfield-Dan Ryan,1/1/2025,"1,866.70","1,491.50","1,007.80","52,073",Red
40910,63rd-Dan Ryan,1/1/2025,"1,503.30","1,071.30",918.8,"41,952",Red
40990,69th,1/1/2025,"2,273.70","1,768","1,352.60","63,857",Red
40240,79th,1/1/2025,"3,367","2,537.80","2,100.40","94,726",Red
41430,87th,1/1/2025,"1,838.50","1,368.30","1,073.40","51,286",Red
40450,95th/Dan Ryan,1/1/2025,"4,984.90","3,388.30","2,640.60","136,424",Red
41050,Linden,1/1/2025,410.1,237.3,138.4,"10,663",Purple
41250,Central-Evanston,1/1/2025,392,199,179.2,"10,316",Purple
40400,Noyes,1/1/2025,491.1,397,192.8,"13,357",Purple
40520,Foster,1/1/2025,341.8,304.8,194.4,"9,710",Purple
40050,Davis,1/1/2025,"1,565.90","1,197",847.2,"43,474",Purple
40690,Dempster,1/1/2025,376.4,353,264.2,"11,013",Purple
40270,Main,1/1/2025,556,411.3,274.4,"15,249",Purple
40840,South Boulevard,1/1/2025,337.8,195.3,136.2,"8,893",Purple
40140,Dempster-Skokie,1/1/2025,632.1,387.8,247.4,"16,694",Yellow
41680,Oakton-Skokie,1/1/2025,397.8,178.8,122.8,"10,081",Yellow
40890,O'Hare Airport,1/1/2025,"6,391.80","5,888.50","6,074.60","194,546",Blue
40820,Rosemont,1/1/2025,"3,007.70","2,039.30","1,490.80","81,781",Blue
40230,Cumberland,1/1/2025,"1,716.50",909,687,"44,834",Blue
40750,Harlem-O'Hare,1/1/2025,"1,333.80",666.5,502.6,"34,523",Blue
41280,Jefferson Park,1/1/2025,"3,848.20","2,422","1,838.60","103,541",Blue
41330,Montrose-O'Hare,1/1/2025,"1,404.30",767,606.8,"36,996",Blue
40550,Irving Park-O'Hare,1/1/2025,"2,260.20","1,376","1,095","60,703",Blue
41240,Addison-O'Hare,1/1/2025,"1,506.80",796.5,621.4,"39,442",Blue
40060,Belmont-O'Hare,1/1/2025,"2,927.60","1,840.80","1,362.40","78,582",Blue
41020,Logan Square,1/1/2025,"3,690.40","2,545.80","1,760.20","100,173",Blue
40570,California/Milwaukee,1/1/2025,"2,734.90","1,930","1,405.40","74,915",Blue
40670,Western/Milwaukee,1/1/2025,"2,836.30","1,887.30","1,345.40","76,674",Blue
40590,Damen/Milwaukee,1/1/2025,"3,225.30","2,930","2,120.80","93,280",Blue
40320,Division/Milwaukee,1/1/2025,"3,262","2,181.50","1,601.40","88,497",Blue
41410,Chicago/Milwaukee,1/1/2025,"2,245","1,480.30","1,074.80","60,686",Blue
40490,Grand/Milwaukee,1/1/2025,"1,772.40","1,315.50","1,066.80","49,589",Blue
40370,Washington/Dearborn,1/1/2025,"6,080.20","3,680.30","2,710.20","162,037",Blue
40790,Monroe/Dearborn,1/1/2025,"3,337.40","1,083.30",814.4,"81,828",Blue
40070,Jackson/Dearborn,1/1/2025,"3,084.20","1,403","1,079.60","78,863",Blue
41340,LaSalle,1/1/2025,"1,460.90",678.5,506.2,"37,385",Blue
40430,Clinton-Forest Park,1/1/2025,"1,802.30",828,666.8,"46,297",Blue
40350,UIC-Halsted,1/1/2025,"3,288.90","1,164",841.8,"81,221",Blue
40470,Racine,1/1/2025,669.5,257.8,217,"16,845",Blue
40810,Medical Center,1/1/2025,"1,212.20",545.5,395.6,"30,828",Blue
40220,Western-Forest Park,1/1/2025,510.5,353,284.4,"14,066",Blue
40250,Kedzie-Homan-Forest Park,1/1/2025,778.6,526.8,462.8,"21,550",Blue
40920,Pulaski-Forest Park,1/1/2025,552,409,388.6,"15,722",Blue
40970,Cicero-Forest Park,1/1/2025,509,304.3,262,"13,726",Blue
40010,Austin-Forest Park,1/1/2025,553,245,220,"14,245",Blue
40180,Oak Park-Forest Park,1/1/2025,495.9,173.3,150.8,"12,356",Blue
40980,Harlem-Forest Park,1/1/2025,317.5,173,142.8,"8,391",Blue
40390,Forest Park,1/1/2025,"1,020.50",537,429.8,"26,748",Blue
41030,Polk,1/1/2025,"2,098.70",534.3,351.8,"50,068",Pink
40830,18th,1/1/2025,"1,087.80",867.3,609.4,"30,448",Pink
40210,Damen-Cermak,1/1/2025,979.7,615.5,435.4,"26,193",Pink
40740,Western-Cermak,1/1/2025,701.9,475,357.2,"19,128",Pink
40440,California-Cermak,1/1/2025,895.7,556.8,399.6,"23,931",Pink
41040,Kedzie-Cermak,1/1/2025,654.5,450,315.2,"17,775",Pink
40780,Central Park,1/1/2025,645.1,423,282.6,"17,298",Pink
40150,Pulaski-Cermak,1/1/2025,635.9,422.3,331.6,"17,337",Pink
40600,Kostner,1/1/2025,257.6,147.8,119.8,"6,857",Pink
40420,Cicero-Cermak,1/1/2025,697.5,573.3,355,"19,412",Pink
40580,54th/Cermak,1/1/2025,"1,314.10",753.3,519.2,"34,519",Pink
40020,Harlem-Lake,1/1/2025,"1,894.20","1,305",867.6,"51,230",Green
41350,Oak Park-Lake,1/1/2025,705.7,387.3,261,"18,379",Green
40610,Ridgeland,1/1/2025,641.5,278,168.6,"16,069",Green
41260,Austin-Lake,1/1/2025,884.5,525.5,375.8,"23,439",Green
40280,Central-Lake,1/1/2025,"1,100.10",773.3,519.8,"29,894",Green
40700,Laramie,1/1/2025,586.8,356.8,270,"15,686",Green
40480,Cicero-Lake,1/1/2025,646.9,465.8,356.2,"17,875",Green
40030,Pulaski-Lake,1/1/2025,812,568.8,432.4,"22,300",Green
41670,Conservatory,1/1/2025,434,428.5,353.2,"13,028",Green
41070,Kedzie-Lake,1/1/2025,653.4,430.8,297.8,"17,586",Green
41360,California-Lake,1/1/2025,652.8,367.5,306.2,"17,362",Green
41710,Damen-Lake,1/1/2025,735.2,683,402.6,"20,919",Green
40170,Ashland-Lake,1/1/2025,"1,459",958.3,592.2,"38,892","Green, Pink"
41510,Morgan-Lake,1/1/2025,"3,032.60","2,679.50","1,809","86,481",Green
41160,Clinton-Lake,1/1/2025,"2,494.30","1,124.30",757,"63,157","Green, Pink"
41690,Cermak-McCormick Place,1/1/2025,"1,102.60",927.3,684.6,"31,390",Green
41120,35-Bronzeville-IIT,1/1/2025,"1,049.30",635,427.6,"27,763",Green
40300,Indiana,1/1/2025,440.3,266.3,204.6,"11,774",Green
41270,43rd,1/1/2025,580.4,364.5,273.8,"15,595",Green
41080,47th-South Elevated,1/1/2025,612.5,469.5,313,"16,919",Green
40130,51st,1/1/2025,570.4,397.5,313.2,"15,704",Green
40510,Garfield-South Elevated,1/1/2025,721,508.5,363,"19,710",Green
41140,King Drive,1/1/2025,317.4,212,190.2,"8,782",Green
40720,East 63rd-Cottage Grove,1/1/2025,641.1,470.3,354.6,"17,759",Green
40940,Halsted/63rd,1/1/2025,360.8,241.5,171.6,"9,762",Green
40290,Ashland/63rd,1/1/2025,691.5,462,404.8,"19,086",Green
41290,Kimball,1/1/2025,"2,326.60","1,749.50","1,279.60","64,581",Brown
41180,Kedzie-Brown,1/1/2025,"1,123",925.3,642.6,"31,619",Brown
40870,Francisco,1/1/2025,815.9,518.3,325.6,"21,651",Brown
41010,Rockwell,1/1/2025,872.8,562.8,332,"23,112",Brown
41480,Western-Brown,1/1/2025,"1,806","1,424.80",894.8,"49,904",Brown
40090,Damen-Brown,1/1/2025,"1,398.50",897,562,"37,165",Brown
41500,Montrose-Brown,1/1/2025,"1,233.50",867,569.2,"33,452",Brown
41460,Irving Park-Brown,1/1/2025,"1,522.10",927.3,579,"40,090",Brown
41440,Addison-Brown,1/1/2025,"1,168",692.3,465.6,"30,794",Brown
41310,Paulina,1/1/2025,"1,507.70","1,064.30",648.2,"40,668",Brown
40360,Southport,1/1/2025,"1,863.60","1,752.30","1,012.20","53,069",Brown
41210,Wellington,1/1/2025,"1,756.40",972.3,587.6,"45,467",Brown
40530,Diversey,1/1/2025,"2,920.10","1,831","1,126.40","77,198",Brown
40660,Armitage,1/1/2025,"2,520.30","1,711.80",980.4,"67,195",Brown
40800,Sedgwick,1/1/2025,"2,205.60","1,475.50",943.2,"59,142",Brown
40710,Chicago/Franklin,1/1/2025,"3,553.50","2,070","1,316.80","93,041",Brown
40460,Merchandise Mart,1/1/2025,"3,843.50","1,350.80",798.8,"93,955","Brown, Purple"
40930,Midway Airport,1/1/2025,"4,082.10","2,174.50","1,676.80","106,888",Orange
40960,Pulaski-Orange,1/1/2025,"2,750.50","1,171.30",865,"69,522",Orange
41150,Kedzie-Midway,1/1/2025,"1,894.40","1,038.30",730.6,"49,483",Orange
40310,Western-Orange,1/1/2025,"2,105","1,116",786.8,"54,707",Orange
40120,35th/Archer,1/1/2025,"1,497.60",783.5,544.6,"38,804",Orange
41060,Ashland-Orange,1/1/2025,"1,005.80",590.5,419,"26,585",Orange
41130,Halsted-Orange,1/1/2025,"1,435.40",738.5,519.4,"37,129",Orange
40730,Washington/Wells,1/1/2025,"4,595.90",723.8,509.8,"106,554",Orange
40040,Quincy/Wells,1/1/2025,"4,693","1,065.80",755.6,"111,288",Orange
40160,LaSalle/Van Buren,1/1/2025,"1,731.90",405,258.6,"41,014",Orange
40850,Library,1/1/2025,"1,976.90","1,056.30",716.8,"51,301","Orange, Brown, Pink, Purple"
40680,Adams/Wabash,1/1/2025,"3,949.30","1,932.80","1,201.80","100,625",Orange
41700,Washington/Wabash,1/1/2025,"4,858.80","3,344.80","2,171.40","131,129","Orange, Brown, Purple, Pink"
40260,State/Lake,1/1/2025,"6,300","4,686.80","3,210","173,398",Orange
40380,Clark/Lake,1/1/2025,"8,652","3,901.50","2,977.40","220,836","Orange, Blue, Brown, Green, Purple, Pink"
40900,Howard,2/1/2025,"2,934.40","2,159","1,703.80","74,138","Red, Purple, Yellow"
41190,Jarvis,2/1/2025,884.3,634.3,576.5,"22,529",Red
40100,Morse,2/1/2025,"2,341","1,773","1,410.80","59,555",Red
41300,Loyola,2/1/2025,"3,158.90","2,531.80","1,878.30","80,818",Red
40760,Granville,2/1/2025,"2,128","1,873.30","1,336.50","55,399",Red
40880,Thorndale,2/1/2025,"1,665.30","1,144.30",927.8,"41,593",Red
41380,Bryn Mawr,2/1/2025,"1,447.70","1,069.30",794,"36,407",Red
40340,Berwyn,2/1/2025,0,0,0,0,Red
41200,Argyle,2/1/2025,"2,417.60","2,272","1,566.30","63,704",Red
40770,Lawrence,2/1/2025,0,0,0,0,Red
40540,Wilson,2/1/2025,"5,015.50","3,594","2,711.50","125,531","Red, Purple"
40080,Sheridan,2/1/2025,"2,258.70","1,728.50","1,291.30","57,252",Red
41420,Addison-North Main,2/1/2025,"3,270.10","2,721","2,117","84,753",Red
41320,Belmont-North Main,2/1/2025,"6,163.80","5,411.80","4,041","161,086","Red, Purple, Brown"
41220,Fullerton,2/1/2025,"8,352.40","5,206","3,898.80","203,467","Red, Purple, Brown"
40650,North/Clybourn,2/1/2025,"2,740.50","2,605.30","1,934.30","72,968",Red
40630,Clark/Division,2/1/2025,"4,237.80","3,599.80","2,683","109,887",Red
41450,Chicago/State,2/1/2025,"6,221.40","4,990.50","3,772.50","159,479",Red
40330,Grand/State,2/1/2025,"4,163.90","4,998.30","3,805.50","118,492",Red
41660,Lake/State,2/1/2025,"8,509.70","6,272.50","4,498","213,276",Red
41090,Monroe/State,2/1/2025,"3,480.70","1,887.80","1,320.80","82,448",Red
40560,Jackson/State,2/1/2025,"4,092.50","1,779.30","1,321.80","94,253",Red
41490,Harrison,2/1/2025,"2,063.20","1,768.50","1,336.50","53,684",Red
41400,Roosevelt,2/1/2025,"5,727.80","4,668.50","3,610.50","147,671","Red, Orange, Green"
41000,Cermak-Chinatown,2/1/2025,"2,813.60","4,317.80","4,303.50","90,756",Red
40190,Sox-35th-Dan Ryan,2/1/2025,"2,192.20","1,358","1,113.50","53,730",Red
41230,47th-Dan Ryan,2/1/2025,"1,686.30","1,233",973.5,"42,552",Red
41170,Garfield-Dan Ryan,2/1/2025,"1,973.70","1,483.50","1,075.50","49,709",Red
40910,63rd-Dan Ryan,2/1/2025,"1,591.50","1,092.30",941.8,"39,966",Red
40990,69th,2/1/2025,"2,432.70","1,821.80","1,425.30","61,642",Red
40240,79th,2/1/2025,"3,578.20","2,637.50","2,213.80","90,968",Red
41430,87th,2/1/2025,"1,971.80","1,398.50","1,169.30","49,707",Red
40450,95th/Dan Ryan,2/1/2025,"5,316.40","3,427.50","2,779","131,154",Red
41050,Linden,2/1/2025,394,176,149.5,"9,182",Purple
41250,Central-Evanston,2/1/2025,397.4,213.5,197.5,"9,592",Purple
40400,Noyes,2/1/2025,516.7,377.8,239,"12,801",Purple
40520,Foster,2/1/2025,363.7,338.3,234.3,"9,564",Purple
40050,Davis,2/1/2025,"1,624","1,238.50",927.8,"41,145",Purple
40690,Dempster,2/1/2025,407.7,386.3,315.3,"10,960",Purple
40270,Main,2/1/2025,583.5,439,312.8,"14,677",Purple
40840,South Boulevard,2/1/2025,352.6,190.5,171.5,"8,499",Purple
40140,Dempster-Skokie,2/1/2025,659.5,338.5,248.8,"15,538",Yellow
41680,Oakton-Skokie,2/1/2025,419.1,180.5,141.8,"9,671",Yellow
40890,O'Hare Airport,2/1/2025,"6,572.10","5,611.80","5,999.80","177,887",Blue
40820,Rosemont,2/1/2025,"3,142.70","2,041.50","1,597.80","77,411",Blue
40230,Cumberland,2/1/2025,"1,820.20",905.3,661.8,"42,671",Blue
40750,Harlem-O'Hare,2/1/2025,"1,413",652.3,495.3,"32,849",Blue
41280,Jefferson Park,2/1/2025,"4,020.10","2,442.30","1,907.50","97,801",Blue
41330,Montrose-O'Hare,2/1/2025,"1,480.90",803.5,624.5,"35,330",Blue
40550,Irving Park-O'Hare,2/1/2025,"2,342.80","1,367.80","1,102.80","56,738",Blue
41240,Addison-O'Hare,2/1/2025,"1,595",797.3,596.5,"37,475",Blue
40060,Belmont-O'Hare,2/1/2025,"3,138","1,829","1,421.30","75,761",Blue
41020,Logan Square,2/1/2025,"3,964.30","2,642","1,929.30","97,570",Blue
40570,California/Milwaukee,2/1/2025,"2,910.40","1,975","1,430","71,828",Blue
40670,Western/Milwaukee,2/1/2025,"2,978.90","1,838.30","1,405.30","72,552",Blue
40590,Damen/Milwaukee,2/1/2025,"3,314","2,925.30","2,040.50","86,142",Blue
40320,Division/Milwaukee,2/1/2025,"3,456.10","2,292","1,654.50","84,908",Blue
41410,Chicago/Milwaukee,2/1/2025,"2,366.30","1,502","1,123","57,826",Blue
40490,Grand/Milwaukee,2/1/2025,"1,881.40","1,390.30","1,113.50","47,643",Blue
40370,Washington/Dearborn,2/1/2025,"6,313.50","3,564","2,757.50","151,556",Blue
40790,Monroe/Dearborn,2/1/2025,"3,579.10","1,059.30",849,"79,215",Blue
40070,Jackson/Dearborn,2/1/2025,"3,585.30","1,651.30","1,237.50","83,261",Blue
41340,LaSalle,2/1/2025,"1,736.70",768.8,574.8,"40,107",Blue
40430,Clinton-Forest Park,2/1/2025,"1,912.60",797.3,713.5,"44,295",Blue
40350,UIC-Halsted,2/1/2025,"4,388.60","1,359.30",964,"97,064",Blue
40470,Racine,2/1/2025,716.9,274.3,203.8,"16,250",Blue
40810,Medical Center,2/1/2025,"1,277.80",577.8,421,"29,550",Blue
40220,Western-Forest Park,2/1/2025,528.2,355.5,284.5,"13,124",Blue
40250,Kedzie-Homan-Forest Park,2/1/2025,825.6,525,442.5,"20,381",Blue
40920,Pulaski-Forest Park,2/1/2025,576.4,411.8,365.5,"14,636",Blue
40970,Cicero-Forest Park,2/1/2025,515.1,318.8,244.5,"12,555",Blue
40010,Austin-Forest Park,2/1/2025,624.1,265.3,215.8,"14,406",Blue
40180,Oak Park-Forest Park,2/1/2025,555.7,192,171.3,"12,566",Blue
40980,Harlem-Forest Park,2/1/2025,335.9,181.8,136.8,"7,992",Blue
40390,Forest Park,2/1/2025,"1,083.50",540.5,446.3,"25,617",Blue
41030,Polk,2/1/2025,"2,260.90",555.5,409.3,"49,076",Pink
40830,18th,2/1/2025,"1,158.60",893.5,665.3,"29,407",Pink
40210,Damen-Cermak,2/1/2025,"1,077.60",644.3,508.8,"26,163",Pink
40740,Western-Cermak,2/1/2025,766.7,529.3,396.3,"19,035",Pink
40440,California-Cermak,2/1/2025,939.3,571,431,"22,794",Pink
41040,Kedzie-Cermak,2/1/2025,712.5,460.3,361,"17,534",Pink
40780,Central Park,2/1/2025,703.1,436,330,"17,125",Pink
40150,Pulaski-Cermak,2/1/2025,669,456.3,369,"16,680",Pink
40600,Kostner,2/1/2025,288.8,172.8,122.8,"6,957",Pink
40420,Cicero-Cermak,2/1/2025,729.1,553.5,395.8,"18,378",Pink
40580,54th/Cermak,2/1/2025,"1,445.90",755.3,568.3,"34,211",Pink
40020,Harlem-Lake,2/1/2025,"1,984.80","1,325.80",996,"48,983",Green
41350,Oak Park-Lake,2/1/2025,748,424.5,311.3,"17,903",Green
40610,Ridgeland,2/1/2025,673.7,274,194.5,"15,348",Green
41260,Austin-Lake,2/1/2025,917.1,519,410.3,"22,059",Green
40280,Central-Lake,2/1/2025,"1,149.70",770,573.5,"28,367",Green
40700,Laramie,2/1/2025,615,374.3,304.3,"15,014",Green
40480,Cicero-Lake,2/1/2025,670.9,471,381.3,"16,826",Green
40030,Pulaski-Lake,2/1/2025,842,608.8,479.8,"21,193",Green
41670,Conservatory,2/1/2025,447.1,439,346.5,"12,084",Green
41070,Kedzie-Lake,2/1/2025,683.9,393,304.5,"16,468",Green
41360,California-Lake,2/1/2025,690.7,360,314.3,"16,511",Green
41710,Damen-Lake,2/1/2025,780.4,800,369.5,"20,286",Green
40170,Ashland-Lake,2/1/2025,"1,554.70",970,658.8,"37,608","Green, Pink"
41510,Morgan-Lake,2/1/2025,"3,123.70","2,809.80","2,097","82,101",Green
41160,Clinton-Lake,2/1/2025,"2,616.60","1,118.50",842.3,"60,175","Green, Pink"
41690,Cermak-McCormick Place,2/1/2025,"1,250.20","1,224",997,"33,888",Green
41120,35-Bronzeville-IIT,2/1/2025,"1,214",734,506.8,"29,242",Green
40300,Indiana,2/1/2025,464.1,273.3,239.8,"11,334",Green
41270,43rd,2/1/2025,574,338.8,293.3,"14,007",Green
41080,47th-South Elevated,2/1/2025,618.9,471.5,338.5,"15,618",Green
40130,51st,2/1/2025,558.7,399,342.3,"14,138",Green
40510,Garfield-South Elevated,2/1/2025,752.4,527.8,421.5,"18,844",Green
41140,King Drive,2/1/2025,304.3,219,177.3,"7,671",Green
40720,East 63rd-Cottage Grove,2/1/2025,627.1,463.3,383,"15,926",Green
40940,Halsted/63rd,2/1/2025,327.1,224,184.5,"8,176",Green
40290,Ashland/63rd,2/1/2025,637.3,426.5,380.5,"15,973",Green
41290,Kimball,2/1/2025,"2,402.80","1,720.80","1,309.50","60,176",Brown
41180,Kedzie-Brown,2/1/2025,"1,173",914.5,683,"29,849",Brown
40870,Francisco,2/1/2025,850.6,499.5,402.3,"20,619",Brown
41010,Rockwell,2/1/2025,910.7,573.3,397.5,"22,097",Brown
41480,Western-Brown,2/1/2025,"1,939.20","1,393",991.8,"48,322",Brown
40090,Damen-Brown,2/1/2025,"1,454.20",905.5,650.3,"35,306",Brown
41500,Montrose-Brown,2/1/2025,"1,274.30",962,657.8,"31,965",Brown
41460,Irving Park-Brown,2/1/2025,"1,553.50",921.8,613,"37,209",Brown
41440,Addison-Brown,2/1/2025,"1,198.60",683.5,528.3,"28,818",Brown
41310,Paulina,2/1/2025,"1,528.20","1,023.80",694.3,"37,435",Brown
40360,Southport,2/1/2025,"1,915.50","1,653.50","1,109.30","49,361",Brown
41210,Wellington,2/1/2025,"1,802.40",845.3,529.3,"41,546",Brown
40530,Diversey,2/1/2025,"3,022.10","1,686.50","1,134","71,723",Brown
40660,Armitage,2/1/2025,"2,607.40","1,634","1,118.30","63,156",Brown
40800,Sedgwick,2/1/2025,"2,283.40","1,443.30","1,000.50","55,443",Brown
40710,Chicago/Franklin,2/1/2025,"3,718.80","2,149.30","1,547.30","89,162",Brown
40460,Merchandise Mart,2/1/2025,"4,002.10","1,399.50",907.3,"89,269","Brown, Purple"
40930,Midway Airport,2/1/2025,"4,371.90","2,087.80","1,707","102,616",Orange
40960,Pulaski-Orange,2/1/2025,"3,022.70","1,238.50",919.5,"69,086",Orange
41150,Kedzie-Midway,2/1/2025,"2,104.40","1,068.30",771,"49,445",Orange
40310,Western-Orange,2/1/2025,"2,295.80","1,130",846.8,"53,823",Orange
40120,35th/Archer,2/1/2025,"1,634.60",786,584,"38,171",Orange
41060,Ashland-Orange,2/1/2025,"1,081.70",627.5,447.5,"25,934",Orange
41130,Halsted-Orange,2/1/2025,"1,673.40",743.3,602,"38,849",Orange
40730,Washington/Wells,2/1/2025,"4,724.50",794.5,542.8,"99,838",Orange
40040,Quincy/Wells,2/1/2025,"4,764.60","1,061.30",816.5,"102,802",Orange
40160,LaSalle/Van Buren,2/1/2025,"1,805.60",427,305,"39,040",Orange
40850,Library,2/1/2025,"2,308.30","1,190.30",839.5,"54,284","Orange, Brown, Pink, Purple"
40680,Adams/Wabash,2/1/2025,"4,455.80","1,986.80","1,304.80","102,281",Orange
41700,Washington/Wabash,2/1/2025,"5,446.20","3,408.80","2,398.80","132,154","Orange, Brown, Purple, Pink"
40260,State/Lake,2/1/2025,"6,676.80","4,741.50","3,398.80","166,096",Orange
40380,Clark/Lake,2/1/2025,"8,749.70","3,945.50","3,134.80","203,314","Orange, Blue, Brown, Green, Purple, Pink"
40900,Howard,3/1/2025,"3,088.60","2,401.40","1,798.40","85,860","Red, Purple, Yellow"
41190,Jarvis,3/1/2025,937.4,844.4,572.4,"26,770",Red
40100,Morse,3/1/2025,"2,414.60","2,069.40","1,484.20","68,475",Red
41300,Loyola,3/1/2025,"3,119.80","3,131.60","1,837.80","90,362",Red
40760,Granville,3/1/2025,"2,187.60","2,251.80","1,383.20","64,114",Red
40880,Thorndale,3/1/2025,"1,689.70","1,374.40",963.6,"47,173",Red
41380,Bryn Mawr,3/1/2025,"1,500.60","1,214.20",800.2,"41,584",Red
40340,Berwyn,3/1/2025,0,0,0,0,Red
41200,Argyle,3/1/2025,"2,551.10","2,388.80","1,598","73,508",Red
40770,Lawrence,3/1/2025,0,0,0,0,Red
40540,Wilson,3/1/2025,"5,160.50","4,088.20","2,800","142,811","Red, Purple"
40080,Sheridan,3/1/2025,"2,306.70","2,130.80","1,275.20","65,471",Red
41420,Addison-North Main,3/1/2025,"3,682.30","5,510.80","2,713.40","118,449",Red
41320,Belmont-North Main,3/1/2025,"6,604.20","7,262.60","4,207","196,036","Red, Purple, Brown"
41220,Fullerton,3/1/2025,"7,599.50","6,811.40","3,884.80","213,071","Red, Purple, Brown"
40650,North/Clybourn,3/1/2025,"2,875","3,017.20","2,007","85,495",Red
40630,Clark/Division,3/1/2025,"4,441.20","4,976.80","2,985.20","133,075",Red
41450,Chicago/State,3/1/2025,"6,756.80","6,689.60","4,373.40","197,207",Red
40330,Grand/State,3/1/2025,"5,124.30","9,552.80","4,567.20","178,211",Red
41660,Lake/State,3/1/2025,"9,292.10","9,846.60","5,139.60","270,065",Red
41090,Monroe/State,3/1/2025,"3,722.60","2,743","1,659.20","100,185",Red
40560,Jackson/State,3/1/2025,"4,046.20","2,760.80","1,991.60","108,733",Red
41490,Harrison,3/1/2025,"2,087.80","2,369","1,585","63,614",Red
41400,Roosevelt,3/1/2025,"6,351.10","7,022.20","4,443.20","190,700","Red, Orange, Green"
41000,Cermak-Chinatown,3/1/2025,"3,811.50","5,645.60","3,716.60","126,852",Red
40190,Sox-35th-Dan Ryan,3/1/2025,"2,544.20","2,434.60","1,509.20","73,148",Red
41230,47th-Dan Ryan,3/1/2025,"1,790.20","1,420.40","1,043","49,912",Red
41170,Garfield-Dan Ryan,3/1/2025,"2,098.10","1,675.80","1,105.40","57,967",Red
40910,63rd-Dan Ryan,3/1/2025,"1,640.10","1,188.40","1,028.40","45,526",Red
40990,69th,3/1/2025,"2,478.40","1,953.60","1,484","69,234",Red
40240,79th,3/1/2025,"3,703.70","2,736.80","2,263.80","102,780",Red
41430,87th,3/1/2025,"2,050.40","1,454.60","1,160","56,132",Red
40450,95th/Dan Ryan,3/1/2025,"5,456.30","3,454.80","2,861","146,162",Red
41050,Linden,3/1/2025,410.2,293.6,166.6,"10,915",Purple
41250,Central-Evanston,3/1/2025,419,241.2,179.4,"10,903",Purple
40400,Noyes,3/1/2025,480.4,408.8,216,"13,213",Purple
40520,Foster,3/1/2025,368.6,443,202.8,"10,969",Purple
40050,Davis,3/1/2025,"1,735.90","1,409",949.8,"48,247",Purple
40690,Dempster,3/1/2025,420.2,410.8,302.4,"12,391",Purple
40270,Main,3/1/2025,590.1,509,308.4,"16,479",Purple
40840,South Boulevard,3/1/2025,365.7,244,174,"9,769",Purple
40140,Dempster-Skokie,3/1/2025,708.9,490.2,297.4,"18,825",Yellow
41680,Oakton-Skokie,3/1/2025,434.8,244.8,161.6,"11,163",Yellow
40890,O'Hare Airport,3/1/2025,"8,203.20","7,087.40","7,219.20","243,801",Blue
40820,Rosemont,3/1/2025,"3,554.10","2,853.40","1,879.40","98,301",Blue
40230,Cumberland,3/1/2025,"2,060.90","1,456",801.6,"54,567",Blue
40750,Harlem-O'Hare,3/1/2025,"1,480.10","1,068.80",564,"39,247",Blue
41280,Jefferson Park,3/1/2025,"4,307.60","2,969.80","2,065.40","115,636",Blue
41330,Montrose-O'Hare,3/1/2025,"1,577.80","1,032.40",647.4,"41,533",Blue
40550,Irving Park-O'Hare,3/1/2025,"2,545","1,778","1,247","68,571",Blue
41240,Addison-O'Hare,3/1/2025,"1,726.40","1,077.20",706.6,"45,173",Blue
40060,Belmont-O'Hare,3/1/2025,"3,298.60","2,307.40","1,567.20","88,644",Blue
41020,Logan Square,3/1/2025,"4,340.90","3,432.40","2,107","118,855",Blue
40570,California/Milwaukee,3/1/2025,"3,253.50","2,719.40","1,624.40","90,042",Blue
40670,Western/Milwaukee,3/1/2025,"3,274.30","2,552.60","1,542.60","89,236",Blue
40590,Damen/Milwaukee,3/1/2025,"3,869.50","4,227","2,494.40","114,866",Blue
40320,Division/Milwaukee,3/1/2025,"3,728.50","3,169.60","1,952.40","103,908",Blue
41410,Chicago/Milwaukee,3/1/2025,"2,599.10","2,065.60","1,347.40","71,646",Blue
40490,Grand/Milwaukee,3/1/2025,"2,184.50","1,981.20","1,360.40","62,582",Blue
40370,Washington/Dearborn,3/1/2025,"6,947.40","5,394.60","3,336.20","189,550",Blue
40790,Monroe/Dearborn,3/1/2025,"3,865.20","1,439","1,057.80","93,654",Blue
40070,Jackson/Dearborn,3/1/2025,"4,000","2,544.20","1,861","106,025",Blue
41340,LaSalle,3/1/2025,"1,748.90","1,011.80",719,"45,380",Blue
40430,Clinton-Forest Park,3/1/2025,"2,084.40","1,017.40",904.2,"53,380",Blue
40350,UIC-Halsted,3/1/2025,"3,936.90","1,930","1,090.20","97,776",Blue
40470,Racine,3/1/2025,715.8,461.6,244,"18,560",Blue
40810,Medical Center,3/1/2025,"1,398.90",637.2,465.8,"34,891",Blue
40220,Western-Forest Park,3/1/2025,565.9,424.8,277.4,"15,394",Blue
40250,Kedzie-Homan-Forest Park,3/1/2025,820.2,533.2,464.4,"22,213",Blue
40920,Pulaski-Forest Park,3/1/2025,629.6,481.8,392,"17,590",Blue
40970,Cicero-Forest Park,3/1/2025,553.9,363.4,239.6,"14,646",Blue
40010,Austin-Forest Park,3/1/2025,647.7,364.2,230,"16,573",Blue
40180,Oak Park-Forest Park,3/1/2025,582,284,177.2,"14,528",Blue
40980,Harlem-Forest Park,3/1/2025,377.2,229.8,143.2,"9,786",Blue
40390,Forest Park,3/1/2025,"1,149.40",737,490.4,"30,274",Blue
41030,Polk,3/1/2025,"2,388",752.6,480,"56,310",Pink
40830,18th,3/1/2025,"1,323.20","1,283",787.6,"38,141",Pink
40210,Damen-Cermak,3/1/2025,"1,150.60",861.8,586.4,"31,403",Pink
40740,Western-Cermak,3/1/2025,816.8,613.4,415.4,"22,296",Pink
40440,California-Cermak,3/1/2025,986.1,683.4,497,"26,610",Pink
41040,Kedzie-Cermak,3/1/2025,779.3,579.4,400.8,"21,266",Pink
40780,Central Park,3/1/2025,732.8,467,339.6,"19,421",Pink
40150,Pulaski-Cermak,3/1/2025,705.5,495.8,380.8,"19,198",Pink
40600,Kostner,3/1/2025,300.7,200.2,130.8,"7,970",Pink
40420,Cicero-Cermak,3/1/2025,801.3,673,463.2,"22,508",Pink
40580,54th/Cermak,3/1/2025,"1,547.20","1,093.20",650,"41,208",Pink
40020,Harlem-Lake,3/1/2025,"2,115.10","1,742","1,047.20","58,364",Green
41350,Oak Park-Lake,3/1/2025,795.1,595.2,340,"21,374",Green
40610,Ridgeland,3/1/2025,715.9,429.4,219.8,"18,279",Green
41260,Austin-Lake,3/1/2025,979.2,632.8,428,"25,868",Green
40280,Central-Lake,3/1/2025,"1,194.70",852.8,585.6,"32,281",Green
40700,Laramie,3/1/2025,621.7,376.8,315.6,"16,517",Green
40480,Cicero-Lake,3/1/2025,736.5,522.8,393.4,"20,047",Green
40030,Pulaski-Lake,3/1/2025,912.5,636.6,454,"24,616",Green
41670,Conservatory,3/1/2025,542.1,576,421.4,"16,372",Green
41070,Kedzie-Lake,3/1/2025,744.6,475.8,329.4,"19,662",Green
41360,California-Lake,3/1/2025,748.9,433.4,315.2,"19,470",Green
41710,Damen-Lake,3/1/2025,955,751.4,496.4,"26,295",Green
40170,Ashland-Lake,3/1/2025,"1,702.90","1,371.80",753,"46,384","Green, Pink"
41510,Morgan-Lake,3/1/2025,"3,656.60","4,092.20","2,409.20","109,295",Green
41160,Clinton-Lake,3/1/2025,"2,770.50","1,482.40",928.6,"70,235","Green, Pink"
41690,Cermak-McCormick Place,3/1/2025,"1,453","1,081.80",767,"39,758",Green
41120,35-Bronzeville-IIT,3/1/2025,"1,205.50",885.2,495.8,"32,221",Green
40300,Indiana,3/1/2025,504,315.2,238.2,"13,350",Green
41270,43rd,3/1/2025,633.9,391.4,294.4,"16,740",Green
41080,47th-South Elevated,3/1/2025,660.7,490.4,336.6,"18,010",Green
40130,51st,3/1/2025,602.5,424.4,327,"16,410",Green
40510,Garfield-South Elevated,3/1/2025,806.3,562.8,431,"21,902",Green
41140,King Drive,3/1/2025,329,242.2,187.2,"9,057",Green
40720,East 63rd-Cottage Grove,3/1/2025,689.6,521,394.6,"19,059",Green
40940,Halsted/63rd,3/1/2025,360.1,241.6,173.6,"9,638",Green
40290,Ashland/63rd,3/1/2025,694,484.8,388.2,"18,939",Green
41290,Kimball,3/1/2025,"2,511.40","2,001.20","1,382","69,655",Brown
41180,Kedzie-Brown,3/1/2025,"1,246.70","1,064.20",737.6,"35,190",Brown
40870,Francisco,3/1/2025,897.8,602.8,403.6,"23,886",Brown
41010,Rockwell,3/1/2025,954.7,694,418.2,"25,610",Brown
41480,Western-Brown,3/1/2025,"1,997.80","1,681","1,029.20","55,505",Brown
40090,Damen-Brown,3/1/2025,"1,547.60","1,172.60",703.4,"41,880",Brown
41500,Montrose-Brown,3/1/2025,"1,328.50","1,175.60",683.6,"37,194",Brown
41460,Irving Park-Brown,3/1/2025,"1,617.20","1,237.20",649.2,"43,394",Brown
41440,Addison-Brown,3/1/2025,"1,222",880.6,565,"32,889",Brown
41310,Paulina,3/1/2025,"1,603.70","1,373.60",725,"44,171",Brown
40360,Southport,3/1/2025,"2,016.10","2,255.60","1,175.60","59,495",Brown
41210,Wellington,3/1/2025,"1,855.10","1,312.80",640,"48,722",Brown
40530,Diversey,3/1/2025,"3,188.30","2,515.20","1,268.60","85,873",Brown
40660,Armitage,3/1/2025,"2,716.50","2,390.60","1,204.20","75,021",Brown
40800,Sedgwick,3/1/2025,"2,452.30","2,273","1,123.60","68,482",Brown
40710,Chicago/Franklin,3/1/2025,"3,984.30","3,685.40","1,658","110,387",Brown
40460,Merchandise Mart,3/1/2025,"4,463.30","2,472.80","1,085.40","111,521","Brown, Purple"
40930,Midway Airport,3/1/2025,"5,010.90","3,104.20","2,044.60","130,972",Orange
40960,Pulaski-Orange,3/1/2025,"3,177.30","1,669.80","1,032.40","80,234",Orange
41150,Kedzie-Midway,3/1/2025,"2,247.30","1,313",870.8,"58,112",Orange
40310,Western-Orange,3/1/2025,"2,423.30","1,466.60",952,"62,982",Orange
40120,35th/Archer,3/1/2025,"1,766.20","1,082",688.2,"45,941",Orange
41060,Ashland-Orange,3/1/2025,"1,154.10",762,509.6,"30,595",Orange
41130,Halsted-Orange,3/1/2025,"1,738.90","1,009",667.4,"44,899",Orange
40730,Washington/Wells,3/1/2025,"5,071.10","1,336.60",702.6,"116,689",Orange
40040,Quincy/Wells,3/1/2025,"5,100.60","1,470.60",981.8,"119,375",Orange
40160,LaSalle/Van Buren,3/1/2025,"1,907",675.2,362.4,"45,234",Orange
40850,Library,3/1/2025,"2,380.30","1,705.60","1,195.40","64,492","Orange, Brown, Pink, Purple"
40680,Adams/Wabash,3/1/2025,"4,560.90","3,000.60","2,049.20","121,027",Orange
41700,Washington/Wabash,3/1/2025,"6,679.90","5,681","3,180.80","184,587","Orange, Brown, Purple, Pink"
40260,State/Lake,3/1/2025,"7,689","8,243.40","4,167.40","223,522",Orange
40380,Clark/Lake,3/1/2025,"9,724.90","8,762.40","3,749.40","266,782","Orange, Blue, Brown, Green, Purple, Pink"
40900,Howard,4/1/2025,"3,231.90","2,563.50","1,990","89,315","Red, Purple, Yellow"
41190,Jarvis,4/1/2025,"1,002.50",906,662.5,"28,330",Red
40100,Morse,4/1/2025,"2,572.80","2,210.50","1,650","72,044",Red
41300,Loyola,4/1/2025,"3,315","2,991.30","2,039.30","93,053",Red
40760,Granville,4/1/2025,"2,343.10","2,168.30","1,530.50","66,344",Red
40880,Thorndale,4/1/2025,"1,837.40","1,502.30","1,110.80","50,874",Red
41380,Bryn Mawr,4/1/2025,"1,628.50","1,302.30",921.8,"44,724",Red
40340,Berwyn,4/1/2025,0,0,0,0,Red
41200,Argyle,4/1/2025,"2,727.50","2,536.50","1,806.80","77,378",Red
40770,Lawrence,4/1/2025,0,0,0,0,Red
40540,Wilson,4/1/2025,"5,570.30","4,417.80","3,010.50","152,260","Red, Purple"
40080,Sheridan,4/1/2025,"2,489.60","2,080.80","1,384.50","68,632",Red
41420,Addison-North Main,4/1/2025,"5,924.40","9,128","6,553","193,061",Red
41320,Belmont-North Main,4/1/2025,"7,002.90","6,705.30","4,570","199,165","Red, Purple, Brown"
41220,Fullerton,4/1/2025,"9,220","6,474.50","4,516","246,802","Red, Purple, Brown"
40650,North/Clybourn,4/1/2025,"3,109.10","3,144.30","2,317.50","90,248",Red
40630,Clark/Division,4/1/2025,"4,742.10","4,559","3,113.80","135,018",Red
41450,Chicago/State,4/1/2025,"7,217.40","6,638.80","4,809.50","204,576",Red
40330,Grand/State,4/1/2025,"5,708.50","7,512.80","5,338.80","176,993",Red
41660,Lake/State,4/1/2025,"10,060.40","9,651.30","5,950.30","283,735",Red
41090,Monroe/State,4/1/2025,"3,993","2,982.30","1,773.80","106,870",Red
40560,Jackson/State,4/1/2025,"4,806.90","2,818.30","1,761.80","124,072",Red
41490,Harrison,4/1/2025,"2,348","2,228.50","1,633.50","67,105",Red
41400,Roosevelt,4/1/2025,"6,636.90","6,060.50","5,353.30","191,666","Red, Orange, Green"
41000,Cermak-Chinatown,4/1/2025,"3,738.30","6,079.50","4,341.30","123,926",Red
40190,Sox-35th-Dan Ryan,4/1/2025,"3,012.20","3,184","2,119.30","87,482",Red
41230,47th-Dan Ryan,4/1/2025,"1,983.30","1,487.80","1,206.80","54,411",Red
41170,Garfield-Dan Ryan,4/1/2025,"2,203.90","1,827.50","1,291.50","60,961",Red
40910,63rd-Dan Ryan,4/1/2025,"1,733.80","1,338.30","1,145","48,077",Red
40990,69th,4/1/2025,"2,693.60","2,136.50","1,718.80","74,681",Red
40240,79th,4/1/2025,"3,849.70","2,917.50","2,452.80","106,174",Red
41430,87th,4/1/2025,"2,122.40","1,566.50","1,259","57,995",Red
40450,95th/Dan Ryan,4/1/2025,"5,657.90","3,745.80","3,093.80","151,832",Red
41050,Linden,4/1/2025,535.3,423.3,321.8,"14,756",Purple
41250,Central-Evanston,4/1/2025,425.5,254.8,217.3,"11,249",Purple
40400,Noyes,4/1/2025,560.1,484,311.5,"15,504",Purple
40520,Foster,4/1/2025,431.8,448.5,275,"12,394",Purple
40050,Davis,4/1/2025,"1,885.70","1,542.50","1,133","52,188",Purple
40690,Dempster,4/1/2025,446.4,464.8,340.5,"13,041",Purple
40270,Main,4/1/2025,642,563.5,358.8,"17,813",Purple
40840,South Boulevard,4/1/2025,394.7,261,195.8,"10,511",Purple
40140,Dempster-Skokie,4/1/2025,886.1,732.5,544.3,"24,601",Yellow
41680,Oakton-Skokie,4/1/2025,473.2,253.5,196.3,"12,209",Yellow
40890,O'Hare Airport,4/1/2025,"8,875.80","7,094.30","8,200","256,445",Blue
40820,Rosemont,4/1/2025,"3,814.40","2,799","2,235.30","104,053",Blue
40230,Cumberland,4/1/2025,"2,222.50","1,271",947.3,"57,769",Blue
40750,Harlem-O'Hare,4/1/2025,"1,641.60",854.8,643.5,"42,108",Blue
41280,Jefferson Park,4/1/2025,"4,605.50","2,987.80","2,251","122,277",Blue
41330,Montrose-O'Hare,4/1/2025,"1,730.80","1,008.30",733.5,"45,045",Blue
40550,Irving Park-O'Hare,4/1/2025,"2,773","1,774.50","1,333.50","73,437",Blue
41240,Addison-O'Hare,4/1/2025,"1,889","1,157",818.8,"49,460",Blue
40060,Belmont-O'Hare,4/1/2025,"3,506.80","2,227.80","1,629.50","92,579",Blue
41020,Logan Square,4/1/2025,"4,627.70","3,504.30","2,342.30","125,196",Blue
40570,California/Milwaukee,4/1/2025,"3,445.80","2,647.30","1,740.30","93,357",Blue
40670,Western/Milwaukee,4/1/2025,"3,375.90","2,400.50","1,653.80","90,486",Blue
40590,Damen/Milwaukee,4/1/2025,"3,976.70","3,935.30","2,578","113,541",Blue
40320,Division/Milwaukee,4/1/2025,"3,995.20","2,965.30","1,983.30","107,688",Blue
41410,Chicago/Milwaukee,4/1/2025,"2,777.10","2,016.30","1,452.50","74,971",Blue
40490,Grand/Milwaukee,4/1/2025,"2,379.10","1,837.80","1,465.80","65,555",Blue
40370,Washington/Dearborn,4/1/2025,"7,486","5,509.50","3,752.30","201,740",Blue
40790,Monroe/Dearborn,4/1/2025,"4,097","1,611","1,222.80","101,469",Blue
40070,Jackson/Dearborn,4/1/2025,"4,371","2,502.30","2,009","114,206",Blue
41340,LaSalle,4/1/2025,"1,908.90",968.8,700.8,"48,674",Blue
40430,Clinton-Forest Park,4/1/2025,"2,195.10",979.8,877,"55,720",Blue
40350,UIC-Halsted,4/1/2025,"4,569.30","2,047.30","1,437.80","114,465",Blue
40470,Racine,4/1/2025,809.5,270.8,184.3,"19,629",Blue
40810,Medical Center,4/1/2025,"1,479.90",644.5,509.5,"37,173",Blue
40220,Western-Forest Park,4/1/2025,596,461.3,318,"16,229",Blue
40250,Kedzie-Homan-Forest Park,4/1/2025,842.8,559.3,452,"22,586",Blue
40920,Pulaski-Forest Park,4/1/2025,645.2,467.5,379.3,"17,582",Blue
40970,Cicero-Forest Park,4/1/2025,589.5,378.8,295.5,"15,667",Blue
40010,Austin-Forest Park,4/1/2025,744.9,351,253.3,"18,805",Blue
40180,Oak Park-Forest Park,4/1/2025,637.6,302,193.5,"16,010",Blue
40980,Harlem-Forest Park,4/1/2025,390.1,217.3,159.5,"10,089",Blue
40390,Forest Park,4/1/2025,"1,217.30",673.5,502.8,"31,486",Blue
41030,Polk,4/1/2025,"2,556.20",729.8,542.5,"61,325",Pink
40830,18th,4/1/2025,"1,375.30","1,211.80",864.8,"38,562",Pink
40210,Damen-Cermak,4/1/2025,"1,211",833.8,635,"32,517",Pink
40740,Western-Cermak,4/1/2025,866,632,459.3,"23,416",Pink
40440,California-Cermak,4/1/2025,"1,029.20",693.3,503.8,"27,431",Pink
41040,Kedzie-Cermak,4/1/2025,847.4,580.3,443.5,"22,737",Pink
40780,Central Park,4/1/2025,784,501.5,367.3,"20,724",Pink
40150,Pulaski-Cermak,4/1/2025,765,506.8,398.3,"20,451",Pink
40600,Kostner,4/1/2025,312.4,181.8,148.3,"8,193",Pink
40420,Cicero-Cermak,4/1/2025,825.2,660.8,489,"22,753",Pink
40580,54th/Cermak,4/1/2025,"1,651.40",991,780.3,"43,415",Pink
40020,Harlem-Lake,4/1/2025,"2,150.30","1,637","1,180.30","58,576",Green
41350,Oak Park-Lake,4/1/2025,849.6,597.5,373,"22,574",Green
40610,Ridgeland,4/1/2025,772.2,424.5,252.3,"19,695",Green
41260,Austin-Lake,4/1/2025,990,654,442.3,"26,165",Green
40280,Central-Lake,4/1/2025,"1,218.10",883.5,662.3,"32,981",Green
40700,Laramie,4/1/2025,655.9,431.5,341.3,"17,521",Green
40480,Cicero-Lake,4/1/2025,752.5,568.8,442.8,"20,600",Green
40030,Pulaski-Lake,4/1/2025,940.1,671.5,530.3,"25,489",Green
41670,Conservatory,4/1/2025,546,553.5,463.3,"16,078",Green
41070,Kedzie-Lake,4/1/2025,778.9,461.8,350.8,"20,386",Green
41360,California-Lake,4/1/2025,775.4,435,351.3,"20,204",Green
41710,Damen-Lake,4/1/2025,913.1,709.3,552.5,"25,135",Green
40170,Ashland-Lake,4/1/2025,"1,759.80","1,169.80",820.5,"46,677","Green, Pink"
41510,Morgan-Lake,4/1/2025,"3,741.30","3,325.80","2,452.80","105,423",Green
41160,Clinton-Lake,4/1/2025,"2,962","1,388","1,046.30","74,900","Green, Pink"
41690,Cermak-McCormick Place,4/1/2025,"1,589.40","1,830","1,404","47,903",Green
41120,35-Bronzeville-IIT,4/1/2025,"1,312.50",932.8,605.5,"35,027",Green
40300,Indiana,4/1/2025,525.5,318.3,261.5,"13,881",Green
41270,43rd,4/1/2025,667.2,406.8,310.8,"17,549",Green
41080,47th-South Elevated,4/1/2025,695.2,504.3,370.8,"18,795",Green
40130,51st,4/1/2025,625,457,374.3,"17,074",Green
40510,Garfield-South Elevated,4/1/2025,837.6,660,544,"23,244",Green
41140,King Drive,4/1/2025,335.9,239,198,"9,138",Green
40720,East 63rd-Cottage Grove,4/1/2025,717.6,554.8,452,"19,815",Green
40940,Halsted/63rd,4/1/2025,381.7,214.5,168.8,"9,930",Green
40290,Ashland/63rd,4/1/2025,710,419.8,346.3,"18,684",Green
41290,Kimball,4/1/2025,"2,652.90","2,050.30","1,543.50","72,738",Brown
41180,Kedzie-Brown,4/1/2025,"1,314.50","1,132.50",835.5,"36,791",Brown
40870,Francisco,4/1/2025,954,693.3,444.5,"25,539",Brown
41010,Rockwell,4/1/2025,"1,032.10",748.8,475,"27,602",Brown
41480,Western-Brown,4/1/2025,"2,062.50","1,787","1,097.30","56,911",Brown
40090,Damen-Brown,4/1/2025,"1,621.30","1,261",800.3,"43,914",Brown
41500,Montrose-Brown,4/1/2025,"1,424","1,170.30",729.8,"38,927",Brown
41460,Irving Park-Brown,4/1/2025,"1,710.40","1,152.80",713.3,"45,093",Brown
41440,Addison-Brown,4/1/2025,"1,341.20",824.8,556.8,"35,032",Brown
41310,Paulina,4/1/2025,"1,674.80","1,190.50",739.3,"44,565",Brown
40360,Southport,4/1/2025,"2,227.50","2,141","1,392","63,137",Brown
41210,Wellington,4/1/2025,"1,950.70","1,129.50",727.3,"50,342",Brown
40530,Diversey,4/1/2025,"3,358","2,071.50","1,336.30","87,508",Brown
40660,Armitage,4/1/2025,"2,901.40","2,186.50","1,303.80","77,791",Brown
40800,Sedgwick,4/1/2025,"2,534.60","1,923","1,191","68,217",Brown
40710,Chicago/Franklin,4/1/2025,"4,235.10","2,750.30","1,899","111,769",Brown
40460,Merchandise Mart,4/1/2025,"4,618.40","1,940.50","1,203","114,179","Brown, Purple"
40930,Midway Airport,4/1/2025,"5,388.90","2,870.30","2,309.80","139,275",Orange
40960,Pulaski-Orange,4/1/2025,"3,445.80","1,576.80","1,139.30","86,672",Orange
41150,Kedzie-Midway,4/1/2025,"2,372.40","1,284.80",993.3,"61,304",Orange
40310,Western-Orange,4/1/2025,"2,550","1,419.50","1,017","65,847",Orange
40120,35th/Archer,4/1/2025,"1,889.40","1,036.30",751.8,"48,718",Orange
41060,Ashland-Orange,4/1/2025,"1,200.50",750.5,533,"31,545",Orange
41130,Halsted-Orange,4/1/2025,"1,869.10",999.3,721.8,"48,004",Orange
40730,Washington/Wells,4/1/2025,"5,306.80","1,342.50",783.5,"125,254",Orange
40040,Quincy/Wells,4/1/2025,"5,353.70","1,340.30","1,151","127,746",Orange
40160,LaSalle/Van Buren,4/1/2025,"2,027.90",576,386.3,"48,462",Orange
40850,Library,4/1/2025,"2,611.40","1,563","1,104","68,119","Orange, Brown, Pink, Purple"
40680,Adams/Wabash,4/1/2025,"5,102.80","2,755","1,880.50","130,804",Orange
41700,Washington/Wabash,4/1/2025,"6,826.70","5,130","3,409","184,343","Orange, Brown, Purple, Pink"
40260,State/Lake,4/1/2025,"8,082.30","6,550.50","4,732.80","222,943",Orange
40380,Clark/Lake,4/1/2025,"10,421.70","6,088.30","4,403.80","271,245","Orange, Blue, Brown, Green, Purple, Pink"
40900,Howard,5/1/2025,"3,313","2,594.40","2,134.40","93,217","Red, Purple, Yellow"
41190,Jarvis,5/1/2025,"1,040.80",910,697.2,"29,893",Red
40100,Morse,5/1/2025,"2,596.20","2,148","1,671.80","73,620",Red
41300,Loyola,5/1/2025,"2,767.10","2,423.40","1,790","79,176",Red
40760,Granville,5/1/2025,"2,085.50","1,781.80","1,331.80","59,364",Red
40880,Thorndale,5/1/2025,"1,940.60","1,510.20","1,122.40","53,915",Red
41380,Bryn Mawr,5/1/2025,"1,574.50","1,271.20",933,"44,086",Red
40340,Berwyn,5/1/2025,0,0,0,0,Red
41200,Argyle,5/1/2025,"2,912.20","2,589.20","1,982.80","84,017",Red
40770,Lawrence,5/1/2025,0,0,0,0,Red
40540,Wilson,5/1/2025,"5,530.20","4,473.60","3,163.20","154,319","Red, Purple"
40080,Sheridan,5/1/2025,"2,654.90","2,195","1,537.60","74,415",Red
41420,Addison-North Main,5/1/2025,"6,955.70","7,316.40","6,124.80","213,276",Red
41320,Belmont-North Main,5/1/2025,"7,223.30","6,977.80","5,127.20","212,215","Red, Purple, Brown"
41220,Fullerton,5/1/2025,"9,250.80","6,768.60","4,620.60","251,213","Red, Purple, Brown"
40650,North/Clybourn,5/1/2025,"3,244.30","3,192.40","2,266.80","95,426",Red
40630,Clark/Division,5/1/2025,"5,112.80","4,926","3,409.20","149,044",Red
41450,Chicago/State,5/1/2025,"6,979","6,595","5,065.20","204,860",Red
40330,Grand/State,5/1/2025,"6,116.30","7,362.20","5,932.20","194,915",Red
41660,Lake/State,5/1/2025,"10,401.80","8,761.60","6,730.60","295,899",Red
41090,Monroe/State,5/1/2025,"4,069","2,707.40","2,153","109,752",Red
40560,Jackson/State,5/1/2025,"4,626.30","2,886.20","2,138.80","122,277",Red
41490,Harrison,5/1/2025,"2,470.80","2,753","2,012.40","75,713",Red
41400,Roosevelt,5/1/2025,"7,154.20","8,445.60","6,271.60","223,825","Red, Orange, Green"
41000,Cermak-Chinatown,5/1/2025,"4,298.80","6,457.40","5,099.20","148,057",Red
40190,Sox-35th-Dan Ryan,5/1/2025,"3,146.20","3,992","2,984.80","100,954",Red
41230,47th-Dan Ryan,5/1/2025,"2,072.40","1,594.80","1,265","57,820",Red
41170,Garfield-Dan Ryan,5/1/2025,"2,347.40","1,916.40","1,321.40","65,484",Red
40910,63rd-Dan Ryan,5/1/2025,"1,887.60","1,478","1,189.80","52,979",Red
40990,69th,5/1/2025,"2,894.30","2,336.80","1,752.80","81,229",Red
40240,79th,5/1/2025,"4,068.50","3,183.20","2,659.40","114,652",Red
41430,87th,5/1/2025,"2,354.50","1,770.80","1,388.80","65,242",Red
40450,95th/Dan Ryan,5/1/2025,"5,789.80","4,094.60","3,287","158,494",Red
41050,Linden,5/1/2025,617.2,460.8,376.6,"17,148",Purple
41250,Central-Evanston,5/1/2025,436.6,274.8,221,"11,647",Purple
40400,Noyes,5/1/2025,623.2,456,319,"16,963",Purple
40520,Foster,5/1/2025,520.1,521.8,308,"15,071",Purple
40050,Davis,5/1/2025,"1,979.60","1,589.60","1,230.20","55,671",Purple
40690,Dempster,5/1/2025,460,439.8,333.4,"13,527",Purple
40270,Main,5/1/2025,669.9,556,380.8,"18,751",Purple
40840,South Boulevard,5/1/2025,409.4,288.8,213.4,"11,109",Purple
40140,Dempster-Skokie,5/1/2025,948,717,675.2,"26,868",Yellow
41680,Oakton-Skokie,5/1/2025,457.9,288,223.6,"12,173",Yellow
40890,O'Hare Airport,5/1/2025,"9,928.60","8,776.20","9,525.60","300,009",Blue
40820,Rosemont,5/1/2025,"3,956.40","3,479.80","2,626.20","113,615",Blue
40230,Cumberland,5/1/2025,"2,304.60","1,671.40","1,179.60","62,651",Blue
40750,Harlem-O'Hare,5/1/2025,"1,647",955.8,683.8,"42,785",Blue
41280,Jefferson Park,5/1/2025,"4,708.50","3,218.60","2,443.40","127,188",Blue
41330,Montrose-O'Hare,5/1/2025,"1,766.30","1,173",799.6,"46,955",Blue
40550,Irving Park-O'Hare,5/1/2025,"2,843.10","1,943.80","1,477","76,809",Blue
41240,Addison-O'Hare,5/1/2025,"1,893.10","1,154",851.8,"49,784",Blue
40060,Belmont-O'Hare,5/1/2025,"3,493.90","2,384.40","1,833.20","94,459",Blue
41020,Logan Square,5/1/2025,"4,682","3,574.40","2,802.40","130,207",Blue
40570,California/Milwaukee,5/1/2025,"3,591.20","2,790.60","1,981","99,274",Blue
40670,Western/Milwaukee,5/1/2025,"3,587.80","2,476.60","1,823.40","96,843",Blue
40590,Damen/Milwaukee,5/1/2025,"4,226.90","4,073.20","3,052.40","124,393",Blue
40320,Division/Milwaukee,5/1/2025,"4,143.60","3,187.80","2,184.20","113,875",Blue
41410,Chicago/Milwaukee,5/1/2025,"2,901.70","1,934.40","1,566.40","78,440",Blue
40490,Grand/Milwaukee,5/1/2025,"2,598","1,993.60","1,583.80","72,445",Blue
40370,Washington/Dearborn,5/1/2025,"7,536.80","5,112","4,242.60","205,046",Blue
40790,Monroe/Dearborn,5/1/2025,"4,106.10","1,378.20","1,335.80","99,799",Blue
40070,Jackson/Dearborn,5/1/2025,"4,239.90","2,746.40","2,284.20","114,191",Blue
41340,LaSalle,5/1/2025,"1,735.30","1,109.40",841.8,"46,198",Blue
40430,Clinton-Forest Park,5/1/2025,"2,094","1,053.80",953.8,"54,013",Blue
40350,UIC-Halsted,5/1/2025,"2,546.30","1,542.40","1,133.80","66,854",Blue
40470,Racine,5/1/2025,932.7,391,291.8,"23,000",Blue
40810,Medical Center,5/1/2025,"1,413.20",612.2,471.6,"35,096",Blue
40220,Western-Forest Park,5/1/2025,618.6,458.8,354,"17,055",Blue
40250,Kedzie-Homan-Forest Park,5/1/2025,858.2,592.8,486.4,"23,419",Blue
40920,Pulaski-Forest Park,5/1/2025,657.2,506.8,418.4,"18,427",Blue
40970,Cicero-Forest Park,5/1/2025,611.1,411.8,315.6,"16,471",Blue
40010,Austin-Forest Park,5/1/2025,707,338.4,284.6,"17,962",Blue
40180,Oak Park-Forest Park,5/1/2025,595.4,280.8,209.4,"14,954",Blue
40980,Harlem-Forest Park,5/1/2025,400.7,235.8,168,"10,434",Blue
40390,Forest Park,5/1/2025,"1,207.70",687.4,547.8,"31,538",Blue
41030,Polk,5/1/2025,"2,355.20",659,489.2,"55,201",Pink
40830,18th,5/1/2025,"1,381.20","1,176.20",879,"39,281",Pink
40210,Damen-Cermak,5/1/2025,"1,250",899.2,691.4,"34,202",Pink
40740,Western-Cermak,5/1/2025,898.5,674.6,458.2,"24,533",Pink
40440,California-Cermak,5/1/2025,"1,036.50",739,538.2,"28,153",Pink
41040,Kedzie-Cermak,5/1/2025,825.5,621.4,452.4,"22,704",Pink
40780,Central Park,5/1/2025,791.8,527,382.4,"21,174",Pink
40150,Pulaski-Cermak,5/1/2025,771.8,549,415.4,"21,030",Pink
40600,Kostner,5/1/2025,305.7,196.6,159.6,"8,201",Pink
40420,Cicero-Cermak,5/1/2025,851.9,685.6,528.8,"23,962",Pink
40580,54th/Cermak,5/1/2025,"1,677.70","1,120.40",858.6,"45,126",Pink
40020,Harlem-Lake,5/1/2025,"2,208.90","1,670.40","1,236.40","60,920",Green
41350,Oak Park-Lake,5/1/2025,904.7,617.6,429,"24,232",Green
40610,Ridgeland,5/1/2025,822.2,388.8,265.2,"20,536",Green
41260,Austin-Lake,5/1/2025,"1,049.90",695.4,503.4,"28,042",Green
40280,Central-Lake,5/1/2025,"1,270.20",898.8,692.8,"34,633",Green
40700,Laramie,5/1/2025,677.3,459.8,349.2,"18,269",Green
40480,Cicero-Lake,5/1/2025,788.2,651.4,452.2,"22,070",Green
40030,Pulaski-Lake,5/1/2025,955.5,742,559.4,"26,572",Green
41670,Conservatory,5/1/2025,590.5,588.2,483.4,"17,758",Green
41070,Kedzie-Lake,5/1/2025,806.1,514.2,393,"21,464",Green
41360,California-Lake,5/1/2025,819.5,477,356,"21,374",Green
41710,Damen-Lake,5/1/2025,815.9,585.6,435.4,"22,239",Green
40170,Ashland-Lake,5/1/2025,"1,823","1,293",904.2,"49,270","Green, Pink"
41510,Morgan-Lake,5/1/2025,"3,945.60","3,630","2,628.40","114,150",Green
41160,Clinton-Lake,5/1/2025,"2,929.10","1,432.60","1,044.80","73,899","Green, Pink"
41690,Cermak-McCormick Place,5/1/2025,"1,553.30","1,416.60","1,043.80","44,922",Green
41120,35-Bronzeville-IIT,5/1/2025,"1,142.20",772.6,577,"30,734",Green
40300,Indiana,5/1/2025,537.1,332.4,285.6,"14,369",Green
41270,43rd,5/1/2025,692.1,424,339.6,"18,352",Green
41080,47th-South Elevated,5/1/2025,720.8,560.4,398.2,"19,929",Green
40130,51st,5/1/2025,648,494.4,383.2,"17,997",Green
40510,Garfield-South Elevated,5/1/2025,866.1,681.8,527.6,"24,235",Green
41140,King Drive,5/1/2025,349.5,263.4,203.4,"9,674",Green
40720,East 63rd-Cottage Grove,5/1/2025,753.1,593.6,446,"21,014",Green
40940,Halsted/63rd,5/1/2025,372,239.2,198.4,"10,000",Green
40290,Ashland/63rd,5/1/2025,720.2,439.2,404.2,"19,342",Green
41290,Kimball,5/1/2025,"2,730.90","2,070.60","1,618","75,791",Brown
41180,Kedzie-Brown,5/1/2025,"1,384.40","1,090.60",872,"38,885",Brown
40870,Francisco,5/1/2025,978.1,678.6,782.6,"27,847",Brown
41010,Rockwell,5/1/2025,"1,060.50",731.8,562,"28,739",Brown
41480,Western-Brown,5/1/2025,"2,126.60","1,841.20","1,241","60,070",Brown
40090,Damen-Brown,5/1/2025,"1,756.60","1,179.80",871,"47,143",Brown
41500,Montrose-Brown,5/1/2025,"1,448.60","1,141.20",811,"40,182",Brown
41460,Irving Park-Brown,5/1/2025,"1,759.30","1,383.80",941.8,"48,573",Brown
41440,Addison-Brown,5/1/2025,"1,381.10",829.6,578.4,"36,043",Brown
41310,Paulina,5/1/2025,"1,763.10","1,301.20",885.6,"47,960",Brown
40360,Southport,5/1/2025,"2,340","2,176.20","1,539.60","67,718",Brown
41210,Wellington,5/1/2025,"1,984.90","1,139.20",745.6,"51,106",Brown
40530,Diversey,5/1/2025,"3,393","2,253.40","1,475","89,896",Brown
40660,Armitage,5/1/2025,"3,081.40","2,563","1,629.40","85,672",Brown
40800,Sedgwick,5/1/2025,"2,682.40","2,138.20","1,365.40","73,848",Brown
40710,Chicago/Franklin,5/1/2025,"4,400.10","2,853.20","1,987.60","116,607",Brown
40460,Merchandise Mart,5/1/2025,"4,590","1,825.40","1,267.40","111,854","Brown, Purple"
40930,Midway Airport,5/1/2025,"5,504.20","3,472.80","2,768","146,792",Orange
40960,Pulaski-Orange,5/1/2025,"3,461","1,790.20","1,347.60","88,369",Orange
41150,Kedzie-Midway,5/1/2025,"2,423.60","1,483","1,103","63,825",Orange
40310,Western-Orange,5/1/2025,"2,613.90","1,520.80","1,219","68,591",Orange
40120,35th/Archer,5/1/2025,"1,901.40","1,118.20",859.4,"49,817",Orange
41060,Ashland-Orange,5/1/2025,"1,259.50",809.6,603.4,"33,514",Orange
41130,Halsted-Orange,5/1/2025,"1,611.60","1,059.20",801.6,"43,148",Orange
40730,Washington/Wells,5/1/2025,"5,232.80","1,046.20",798.2,"119,110",Orange
40040,Quincy/Wells,5/1/2025,"5,285.80","1,385.80","1,264.60","124,253",Orange
40160,LaSalle/Van Buren,5/1/2025,"2,017.70",581.2,397.2,"47,264",Orange
40850,Library,5/1/2025,"2,518.50","1,793.20","1,346.60","68,587","Orange, Brown, Pink, Purple"
40680,Adams/Wabash,5/1/2025,"4,968","2,806.60","2,274.20","129,733",Orange
41700,Washington/Wabash,5/1/2025,"7,181.80","5,124.60","3,813.60","195,509","Orange, Brown, Purple, Pink"
40260,State/Lake,5/1/2025,"7,992.70","6,419.20","4,981.60","224,851",Orange
40380,Clark/Lake,5/1/2025,"10,728","5,761.80","4,991.20","279,052","Orange, Blue, Brown, Green, Purple, Pink"
40900,Howard,6/1/2025,"3,314.90","2,829","2,341.60","92,637","Red, Purple, Yellow"
41190,Jarvis,6/1/2025,"1,037.40","1,061.50",820.2,"30,132",Red
40100,Morse,6/1/2025,"2,524.60","2,473.50","2,017.20","72,997",Red
41300,Loyola,6/1/2025,"2,770.20","2,633.80","2,008.80","78,753",Red
40760,Granville,6/1/2025,"2,043","1,998","1,520.40","58,497",Red
40880,Thorndale,6/1/2025,"1,861.20","1,850.80","1,380.20","53,389",Red
41380,Bryn Mawr,6/1/2025,"1,526.70","1,606","1,234.80","44,658",Red
40340,Berwyn,6/1/2025,0,0,0,0,Red
41200,Argyle,6/1/2025,"2,968.40","3,259.50","2,479.80","87,774",Red
40770,Lawrence,6/1/2025,0,0,0,0,Red
40540,Wilson,6/1/2025,"5,472.80","4,948.50","3,778.60","153,616","Red, Purple"
40080,Sheridan,6/1/2025,"2,649.70","2,762.80","2,505.40","79,221",Red
41420,Addison-North Main,6/1/2025,"6,677.20","9,956","9,647","228,280",Red
41320,Belmont-North Main,6/1/2025,"7,402.30","8,072.80","8,187.60","228,677","Red, Purple, Brown"
41220,Fullerton,6/1/2025,"7,292","6,635","5,098.80","205,165","Red, Purple, Brown"
40650,North/Clybourn,6/1/2025,"3,181.40","3,224.30","2,602.80","92,721",Red
40630,Clark/Division,6/1/2025,"5,181.70","5,967.50","4,100.60","153,188",Red
41450,Chicago/State,6/1/2025,"7,730.70","7,825.50","5,668.80","221,991",Red
40330,Grand/State,6/1/2025,"6,949.40","8,964.80","6,283.40","213,214",Red
41660,Lake/State,6/1/2025,"11,284.40","11,647.80","8,217","324,649",Red
41090,Monroe/State,6/1/2025,"4,261.40","3,640.30","2,275","115,425",Red
40560,Jackson/State,6/1/2025,"4,042","3,454.80","2,268.60","110,044",Red
41490,Harrison,6/1/2025,"2,342.50","3,144.50","2,163.80","72,589",Red
41400,Roosevelt,6/1/2025,"7,322.30","8,880","6,146.60","220,021","Red, Orange, Green"
41000,Cermak-Chinatown,6/1/2025,"4,792.20","7,576.80","5,191.20","156,899",Red
40190,Sox-35th-Dan Ryan,6/1/2025,"4,052.60","4,737.80","2,914.60","118,628",Red
41230,47th-Dan Ryan,6/1/2025,"1,972.60","1,655.80","1,374.80","54,922",Red
41170,Garfield-Dan Ryan,6/1/2025,"2,212.20","1,807.30","1,419.60","60,784",Red
40910,63rd-Dan Ryan,6/1/2025,"1,803.40","1,405","1,278.40","49,884",Red
40990,69th,6/1/2025,"2,830.80","2,316.80","1,934.40","78,385",Red
40240,79th,6/1/2025,"3,878","3,265","2,735","108,174",Red
41430,87th,6/1/2025,"2,116.70","1,718.80","1,420.80","58,429",Red
40450,95th/Dan Ryan,6/1/2025,"5,620.40","4,217","3,654","153,167",Red
41050,Linden,6/1/2025,608.5,658.8,512.4,"17,976",Purple
41250,Central-Evanston,6/1/2025,488.7,348,267.6,"12,992",Purple
40400,Noyes,6/1/2025,530.5,400,289,"14,186",Purple
40520,Foster,6/1/2025,442.4,428,326.2,"12,633",Purple
40050,Davis,6/1/2025,"1,951.70","1,748.80","1,236","54,160",Purple
40690,Dempster,6/1/2025,481.7,481,364.4,"13,862",Purple
40270,Main,6/1/2025,681,718,444.2,"19,393",Purple
40840,South Boulevard,6/1/2025,417.9,307,223,"11,118",Purple
40140,Dempster-Skokie,6/1/2025,"1,005.90",914,879,"29,174",Yellow
41680,Oakton-Skokie,6/1/2025,466.4,302.5,236.8,"12,188",Yellow
40890,O'Hare Airport,6/1/2025,"10,584.50","8,649.50","9,910.40","306,424",Blue
40820,Rosemont,6/1/2025,"4,112.70","3,445","2,637","113,332",Blue
40230,Cumberland,6/1/2025,"2,439.50","1,749.80","1,320","64,829",Blue
40750,Harlem-O'Hare,6/1/2025,"1,562.10",996.5,731,"40,445",Blue
41280,Jefferson Park,6/1/2025,"4,735","3,433.50","2,539","125,864",Blue
41330,Montrose-O'Hare,6/1/2025,"1,748.40","1,279.50",926.6,"46,468",Blue
40550,Irving Park-O'Hare,6/1/2025,"2,902.90","2,194.30","1,670.60","78,091",Blue
41240,Addison-O'Hare,6/1/2025,"1,730","1,313.80",961.4,"46,393",Blue
40060,Belmont-O'Hare,6/1/2025,"3,453.70","2,602","1,910.80","92,489",Blue
41020,Logan Square,6/1/2025,"4,834.60","4,181.80","3,341.80","134,962",Blue
40570,California/Milwaukee,6/1/2025,"3,629.90","3,247.80","2,183.80","100,137",Blue
40670,Western/Milwaukee,6/1/2025,"3,699.20","2,935.50","2,032.80","99,590",Blue
40590,Damen/Milwaukee,6/1/2025,"4,379.30","4,495","3,407.80","126,984",Blue
40320,Division/Milwaukee,6/1/2025,"4,076.20","3,472.50","2,531.80","112,150",Blue
41410,Chicago/Milwaukee,6/1/2025,"2,843.70","2,281","1,718","77,432",Blue
40490,Grand/Milwaukee,6/1/2025,"2,784.40","2,419.80","1,946.40","77,884",Blue
40370,Washington/Dearborn,6/1/2025,"8,179.50","7,336.30","5,132.20","226,775",Blue
40790,Monroe/Dearborn,6/1/2025,"3,916.60","1,839","1,253.60","95,873",Blue
40070,Jackson/Dearborn,6/1/2025,"4,015.20","2,956.80","2,054.40","106,418",Blue
41340,LaSalle,6/1/2025,"1,555","1,147.30",866.2,"41,574",Blue
40430,Clinton-Forest Park,6/1/2025,"1,909.70","1,008.80",863.2,"48,454",Blue
40350,UIC-Halsted,6/1/2025,"2,228.20","1,755","1,219.80","59,912",Blue
40470,Racine,6/1/2025,677,390.8,310,"17,330",Blue
40810,Medical Center,6/1/2025,"1,440.60",757,538.4,"35,973",Blue
40220,Western-Forest Park,6/1/2025,608,525.8,406,"16,901",Blue
40250,Kedzie-Homan-Forest Park,6/1/2025,790.2,586,503,"21,453",Blue
40920,Pulaski-Forest Park,6/1/2025,613.8,497.3,446.8,"17,113",Blue
40970,Cicero-Forest Park,6/1/2025,584.9,408.5,331,"15,571",Blue
40010,Austin-Forest Park,6/1/2025,693.6,431.8,320.8,"17,896",Blue
40180,Oak Park-Forest Park,6/1/2025,596.8,333.5,232,"15,026",Blue
40980,Harlem-Forest Park,6/1/2025,418.4,257.3,178.8,"10,710",Blue
40390,Forest Park,6/1/2025,"1,240.10",770,623.8,"32,242",Blue
41030,Polk,6/1/2025,"2,360.80",737.3,528.6,"55,168",Pink
40830,18th,6/1/2025,"1,355.90","1,274.50",908.4,"38,114",Pink
40210,Damen-Cermak,6/1/2025,"1,203.10","1,011.50",739.4,"33,008",Pink
40740,Western-Cermak,6/1/2025,876,703.5,477.8,"23,599",Pink
40440,California-Cermak,6/1/2025,"1,026.20",777.3,555.4,"27,436",Pink
41040,Kedzie-Cermak,6/1/2025,818.1,601.8,460.2,"21,888",Pink
40780,Central Park,6/1/2025,760.5,544.8,436,"20,330",Pink
40150,Pulaski-Cermak,6/1/2025,752.3,800.8,558.8,"21,796",Pink
40600,Kostner,6/1/2025,269.3,151.3,127.2,"6,896",Pink
40420,Cicero-Cermak,6/1/2025,806.6,532.3,416.6,"21,151",Pink
40580,54th/Cermak,6/1/2025,"1,617",896.3,729,"41,187",Pink
40020,Harlem-Lake,6/1/2025,"2,264.10","1,868.30","1,395.60","61,998",Green
41350,Oak Park-Lake,6/1/2025,939.4,758.5,495.2,"25,237",Green
40610,Ridgeland,6/1/2025,835,484.5,330.4,"21,124",Green
41260,Austin-Lake,6/1/2025,"1,040.10",734.8,586.8,"27,715",Green
40280,Central-Lake,6/1/2025,"1,264.20",958.5,722.2,"33,994",Green
40700,Laramie,6/1/2025,631.5,437.5,348.2,"16,752",Green
40480,Cicero-Lake,6/1/2025,743.9,636.3,498.4,"20,658",Green
40030,Pulaski-Lake,6/1/2025,924,746.3,606.6,"25,423",Green
41670,Conservatory,6/1/2025,558,540.3,"1,006.40","18,910",Green
41070,Kedzie-Lake,6/1/2025,711,532.3,443.8,"19,278",Green
41360,California-Lake,6/1/2025,795.6,523.5,416,"20,881",Green
41710,Damen-Lake,6/1/2025,825.2,815.5,533.2,"23,258",Green
40170,Ashland-Lake,6/1/2025,"1,862.10","1,477.80","1,011.20","50,071","Green, Pink"
41510,Morgan-Lake,6/1/2025,"4,345.10","4,594.50","3,267.40","125,963",Green
41160,Clinton-Lake,6/1/2025,"3,030.90","1,676.30","1,195.20","76,329","Green, Pink"
41690,Cermak-McCormick Place,6/1/2025,"1,574.50","1,884.80","1,250.80","46,858",Green
41120,35-Bronzeville-IIT,6/1/2025,"1,050.30",908.8,550.2,"28,443",Green
40300,Indiana,6/1/2025,510.8,377.8,283.2,"13,654",Green
41270,43rd,6/1/2025,694.1,470,378.2,"18,348",Green
41080,47th-South Elevated,6/1/2025,730.9,614,408.8,"19,849",Green
40130,51st,6/1/2025,647,567.5,406.6,"17,890",Green
40510,Garfield-South Elevated,6/1/2025,926,701.8,568.6,"25,095",Green
41140,King Drive,6/1/2025,348,263.5,215.6,"9,441",Green
40720,East 63rd-Cottage Grove,6/1/2025,752.8,630,453.2,"20,595",Green
40940,Halsted/63rd,6/1/2025,392.5,299.8,220.2,"10,543",Green
40290,Ashland/63rd,6/1/2025,709.1,525.8,459.8,"19,294",Green
41290,Kimball,6/1/2025,"2,625","2,105.50","1,709.20","72,094",Brown
41180,Kedzie-Brown,6/1/2025,"1,351.20","1,182.30",873.6,"37,473",Brown
40870,Francisco,6/1/2025,981.7,809.5,502.8,"26,368",Brown
41010,Rockwell,6/1/2025,"1,042.80",891.5,554,"28,234",Brown
41480,Western-Brown,6/1/2025,"2,081.40","1,872","1,325.40","57,825",Brown
40090,Damen-Brown,6/1/2025,"1,623.50","1,445.30",948.2,"44,615",Brown
41500,Montrose-Brown,6/1/2025,"1,456.40","1,256.30",850.4,"39,862",Brown
41460,Irving Park-Brown,6/1/2025,"1,741.70","1,706.80","1,022.60","48,515",Brown
41440,Addison-Brown,6/1/2025,"1,301.70",993.5,697.8,"34,799",Brown
41310,Paulina,6/1/2025,"1,738.90","1,421",907.6,"46,738",Brown
40360,Southport,6/1/2025,"2,375.50","2,339.80","1,712.40","67,807",Brown
41210,Wellington,6/1/2025,"1,994.50","1,282.80","1,242","53,226",Brown
40530,Diversey,6/1/2025,"3,389.30","2,742.80","2,244.60","93,369",Brown
40660,Armitage,6/1/2025,"2,876.40","2,610.50","1,668.80","79,191",Brown
40800,Sedgwick,6/1/2025,"2,825.90","3,095.80","1,873.80","81,096",Brown
40710,Chicago/Franklin,6/1/2025,"4,427.50","3,178.30","2,114.60","116,263",Brown
40460,Merchandise Mart,6/1/2025,"4,903","2,404.50","1,475","119,956","Brown, Purple"
40930,Midway Airport,6/1/2025,"5,315.80","3,322.30","2,727.20","138,557",Orange
40960,Pulaski-Orange,6/1/2025,"3,104.80","1,732.80","1,292.20","78,592",Orange
41150,Kedzie-Midway,6/1/2025,"2,281.20","1,433.50","1,057.60","58,927",Orange
40310,Western-Orange,6/1/2025,"2,487.80","1,450.50","1,156.80","63,829",Orange
40120,35th/Archer,6/1/2025,"1,818.50","1,200",866.4,"47,320",Orange
41060,Ashland-Orange,6/1/2025,"1,187.30",801.8,619.2,"31,237",Orange
41130,Halsted-Orange,6/1/2025,"1,575.20","1,158.50",837.8,"41,903",Orange
40730,Washington/Wells,6/1/2025,"5,506.80","1,647.50",954.4,"127,004",Orange
40040,Quincy/Wells,6/1/2025,"5,525","1,781","1,448.20","130,391",Orange
40160,LaSalle/Van Buren,6/1/2025,"1,988",838,513.2,"47,665",Orange
40850,Library,6/1/2025,"2,380.30","1,988.80","1,209.80","63,990","Orange, Brown, Pink, Purple"
40680,Adams/Wabash,6/1/2025,"4,471.10","3,295.30","1,945.60","116,803",Orange
41700,Washington/Wabash,6/1/2025,"7,517.80","6,519","4,213.40","205,017","Orange, Brown, Purple, Pink"
40260,State/Lake,6/1/2025,"8,672.10","8,377.50","5,966.80","245,458",Orange
40380,Clark/Lake,6/1/2025,"11,199.30","7,539.50","5,375","292,219","Orange, Blue, Brown, Green, Purple, Pink"
40900,Howard,7/1/2025,"3,309.80","2,683.50","2,239.80","94,749","Red, Purple, Yellow"
41190,Jarvis,7/1/2025,"1,051.20",950.8,755.6,"30,708",Red
40100,Morse,7/1/2025,"2,586.20","2,188","1,881.80","75,057",Red
41300,Loyola,7/1/2025,"2,903.10","2,484","2,013.40","83,872",Red
40760,Granville,7/1/2025,"2,126","1,812.50","1,495","61,496",Red
40880,Thorndale,7/1/2025,"1,843.50","1,620.80","1,330.80","53,693",Red
41380,Bryn Mawr,7/1/2025,"1,471.10","1,310.80","1,135.20","43,284",Red
40340,Berwyn,7/1/2025,717.9,403.8,633.6,"20,577",Red
41200,Argyle,7/1/2025,"2,746","2,545.30","2,117","81,179",Red
40770,Lawrence,7/1/2025,574.1,362.3,472.2,"16,440",Red
40540,Wilson,7/1/2025,"5,185.40","4,321","3,357.80","148,152","Red, Purple"
40080,Sheridan,7/1/2025,"2,727.30","2,461.50","1,849.40","79,093",Red
41420,Addison-North Main,7/1/2025,"6,770.90","11,070.30","8,404.40","235,263",Red
41320,Belmont-North Main,7/1/2025,"7,079","6,897.80","5,237.80","209,519","Red, Purple, Brown"
41220,Fullerton,7/1/2025,"6,381.20","5,692","4,069.80","183,503","Red, Purple, Brown"
40650,North/Clybourn,7/1/2025,"3,176.40","3,257.50","2,515.20","95,487",Red
40630,Clark/Division,7/1/2025,"5,287.10","5,522","4,074","158,774",Red
41450,Chicago/State,7/1/2025,"8,275.20","8,248","6,444.20","247,268",Red
40330,Grand/State,7/1/2025,"7,568.30","9,484.80","7,498.20","241,933",Red
41660,Lake/State,7/1/2025,"12,095.60","10,969.30","8,409.40","352,028",Red
41090,Monroe/State,7/1/2025,"4,600.40","3,587.50","2,705.20","129,085",Red
40560,Jackson/State,7/1/2025,"4,066.80","3,244.50","2,369.80","114,297",Red
41490,Harrison,7/1/2025,"2,569.60","3,356.30","2,394.20","81,928",Red
41400,Roosevelt,7/1/2025,"8,075","8,210.30","6,111.40","241,047","Red, Orange, Green"
41000,Cermak-Chinatown,7/1/2025,"5,194.70","9,126","7,193.40","186,755",Red
40190,Sox-35th-Dan Ryan,7/1/2025,"3,963.70","4,527.30","3,401.20","122,316",Red
41230,47th-Dan Ryan,7/1/2025,"1,943.10","1,603.30","1,337","55,846",Red
41170,Garfield-Dan Ryan,7/1/2025,"2,217.50","1,782.80","1,453.80","63,184",Red
40910,63rd-Dan Ryan,7/1/2025,"1,771","1,327.80","1,241","50,478",Red
40990,69th,7/1/2025,"2,810.90","2,250.50","1,857.40","80,129",Red
40240,79th,7/1/2025,"3,723","2,948.50","2,531.80","106,360",Red
41430,87th,7/1/2025,"2,119.70","1,576.80","1,360.20","59,742",Red
40450,95th/Dan Ryan,7/1/2025,"5,684.70","4,046.80","3,458.60","158,543",Red
41050,Linden,7/1/2025,684.2,715.5,544.4,"20,636",Purple
41250,Central-Evanston,7/1/2025,501,287.3,270.8,"13,526",Purple
40400,Noyes,7/1/2025,540.5,365.8,260.2,"14,655",Purple
40520,Foster,7/1/2025,459.4,454,355.8,"13,702",Purple
40050,Davis,7/1/2025,"2,008.10","1,783.50","1,342","58,023",Purple
40690,Dempster,7/1/2025,504.6,479.8,395.8,"15,000",Purple
40270,Main,7/1/2025,677.8,551.5,460.2,"19,419",Purple
40840,South Boulevard,7/1/2025,423.2,260,215,"11,425",Purple
40140,Dempster-Skokie,7/1/2025,"1,053.90","1,008",878.4,"31,609",Yellow
41680,Oakton-Skokie,7/1/2025,486.5,334.5,281.2,"13,446",Yellow
40890,O'Hare Airport,7/1/2025,"11,142.10","8,747","10,018.40","330,206",Blue
40820,Rosemont,7/1/2025,"4,222.10","3,533.30","2,741.40","120,726",Blue
40230,Cumberland,7/1/2025,"2,559","1,773.80","1,441","70,599",Blue
40750,Harlem-O'Hare,7/1/2025,"1,614.60",989.3,809.6,"43,527",Blue
41280,Jefferson Park,7/1/2025,"4,800.80","3,182.30","2,644.80","131,570",Blue
41330,Montrose-O'Hare,7/1/2025,"1,779.50","1,093.80",913.8,"48,092",Blue
40550,Irving Park-O'Hare,7/1/2025,"2,970.10","1,962.50","1,681.20","81,598",Blue
41240,Addison-O'Hare,7/1/2025,"1,810.90","1,203.50",984.2,"49,574",Blue
40060,Belmont-O'Hare,7/1/2025,"3,558.50","2,399.50","1,951.20","97,642",Blue
41020,Logan Square,7/1/2025,"4,946","3,772.50","3,382.40","140,815",Blue
40570,California/Milwaukee,7/1/2025,"3,739.20","2,805","2,195.20","104,458",Blue
40670,Western/Milwaukee,7/1/2025,"3,828.60","2,568","2,035","104,677",Blue
40590,Damen/Milwaukee,7/1/2025,"4,506","4,639","3,720.20","136,289",Blue
40320,Division/Milwaukee,7/1/2025,"4,070.50","3,255","2,587.80","115,510",Blue
41410,Chicago/Milwaukee,7/1/2025,"2,888.50","2,076","1,755.80","80,631",Blue
40490,Grand/Milwaukee,7/1/2025,"2,709.60","2,094","1,868.20","77,329",Blue
40370,Washington/Dearborn,7/1/2025,"8,672.20","6,383","5,284.40","242,743",Blue
40790,Monroe/Dearborn,7/1/2025,"4,104.60","1,507.80","1,357.40","103,120",Blue
40070,Jackson/Dearborn,7/1/2025,"4,093","2,506.30","2,022.60","110,184",Blue
41340,LaSalle,7/1/2025,"1,672.60","1,067.80",870.2,"45,419",Blue
40430,Clinton-Forest Park,7/1/2025,"2,364.40","1,128.80","1,031.40","61,689",Blue
40350,UIC-Halsted,7/1/2025,"2,419","1,565.50","1,233.20","65,645",Blue
40470,Racine,7/1/2025,548.5,328.8,299.2,"14,878",Blue
40810,Medical Center,7/1/2025,"1,544.80",817,718,"40,844",Blue
40220,Western-Forest Park,7/1/2025,599,466,396.6,"17,024",Blue
40250,Kedzie-Homan-Forest Park,7/1/2025,804.9,574,466.2,"22,335",Blue
40920,Pulaski-Forest Park,7/1/2025,634,478,416.8,"17,943",Blue
40970,Cicero-Forest Park,7/1/2025,563.5,380.3,327.2,"15,555",Blue
40010,Austin-Forest Park,7/1/2025,712.6,333,294,"18,479",Blue
40180,Oak Park-Forest Park,7/1/2025,626.4,259.5,220,"15,918",Blue
40980,Harlem-Forest Park,7/1/2025,393.2,227,178,"10,448",Blue
40390,Forest Park,7/1/2025,"1,277",718,620.2,"34,067",Blue
41030,Polk,7/1/2025,"2,431.40",712.3,551.8,"59,098",Pink
40830,18th,7/1/2025,"1,358","1,214.30",931,"39,389",Pink
40210,Damen-Cermak,7/1/2025,"1,226.80",886.8,724.6,"34,160",Pink
40740,Western-Cermak,7/1/2025,886.4,639.5,492.2,"24,519",Pink
40440,California-Cermak,7/1/2025,"1,027.50",723,568.8,"28,341",Pink
41040,Kedzie-Cermak,7/1/2025,789.9,599.5,455.6,"22,054",Pink
40780,Central Park,7/1/2025,795.5,536.5,414.8,"21,720",Pink
40150,Pulaski-Cermak,7/1/2025,735.3,525.5,424.8,"20,403",Pink
40600,Kostner,7/1/2025,293.3,173.3,162.8,"7,959",Pink
40420,Cicero-Cermak,7/1/2025,802.2,638.3,498.2,"22,693",Pink
40580,54th/Cermak,7/1/2025,"1,666.20","1,046.50",919,"45,437",Pink
40020,Harlem-Lake,7/1/2025,"2,323.50","1,694.80","1,323.40","64,512",Green
41350,Oak Park-Lake,7/1/2025,943.8,593.3,455.2,"25,412",Green
40610,Ridgeland,7/1/2025,857.9,427.8,325.6,"22,212",Green
41260,Austin-Lake,7/1/2025,"1,027.10",664,528.2,"27,893",Green
40280,Central-Lake,7/1/2025,"1,272.90",918,727.6,"35,313",Green
40700,Laramie,7/1/2025,620.4,408.8,329.6,"16,931",Green
40480,Cicero-Lake,7/1/2025,762,578,471.6,"21,434",Green
40030,Pulaski-Lake,7/1/2025,910.2,672.3,552.6,"25,476",Green
41670,Conservatory,7/1/2025,575.5,515,432.6,"16,885",Green
41070,Kedzie-Lake,7/1/2025,688.7,497,377.6,"19,028",Green
41360,California-Lake,7/1/2025,780.8,450,361.2,"20,783",Green
41710,Damen-Lake,7/1/2025,939.3,802.8,727.8,"27,515",Green
40170,Ashland-Lake,7/1/2025,"1,926.30","1,364.50","1,113.40","53,404","Green, Pink"
41510,Morgan-Lake,7/1/2025,"4,304.50","4,107.50","3,133.80","126,798",Green
41160,Clinton-Lake,7/1/2025,"3,243.40","1,464","1,224","83,331","Green, Pink"
41690,Cermak-McCormick Place,7/1/2025,"1,703.70","1,679.30","1,301.80","50,708",Green
41120,35-Bronzeville-IIT,7/1/2025,"1,096",826.5,685.4,"30,844",Green
40300,Indiana,7/1/2025,522.3,334.8,294.4,"14,302",Green
41270,43rd,7/1/2025,739.9,471,386.2,"20,093",Green
41080,47th-South Elevated,7/1/2025,755.1,537,420.2,"20,862",Green
40130,51st,7/1/2025,649,509,403.8,"18,334",Green
40510,Garfield-South Elevated,7/1/2025,957,761.3,612,"27,159",Green
41140,King Drive,7/1/2025,336.1,239.3,207.4,"9,389",Green
40720,East 63rd-Cottage Grove,7/1/2025,765,536.5,452,"21,236",Green
40940,Halsted/63rd,7/1/2025,406.8,209.5,193.2,"10,754",Green
40290,Ashland/63rd,7/1/2025,734.5,435.3,394.2,"19,872",Green
41290,Kimball,7/1/2025,"2,581.50","2,059.30","1,622","73,139",Brown
41180,Kedzie-Brown,7/1/2025,"1,325.50","1,072.50",813.8,"37,519",Brown
40870,Francisco,7/1/2025,975.6,690.5,507.8,"26,765",Brown
41010,Rockwell,7/1/2025,"1,061.30",752,517,"28,942",Brown
41480,Western-Brown,7/1/2025,"2,118.50","1,869.80","1,262.40","60,398",Brown
40090,Damen-Brown,7/1/2025,"1,507","1,176",864,"42,177",Brown
41500,Montrose-Brown,7/1/2025,"1,537.50","1,231",844.2,"42,969",Brown
41460,Irving Park-Brown,7/1/2025,"1,748.90","1,235.80",837.4,"47,605",Brown
41440,Addison-Brown,7/1/2025,"1,278.50",858,626,"34,690",Brown
41310,Paulina,7/1/2025,"1,746.50","1,215",874.6,"47,655",Brown
40360,Southport,7/1/2025,"2,373","2,218","1,568","68,918",Brown
41210,Wellington,7/1/2025,"1,969.80","1,105.30",721.4,"51,364",Brown
40530,Diversey,7/1/2025,"3,435.80","2,249.30","1,544.60","92,308",Brown
40660,Armitage,7/1/2025,"2,853.80","2,513.50","1,708.80","81,381",Brown
40800,Sedgwick,7/1/2025,"2,856.70","2,322.50","1,594.40","80,110",Brown
40710,Chicago/Franklin,7/1/2025,"4,579.90","3,051.30","2,064.60","123,285",Brown
40460,Merchandise Mart,7/1/2025,"5,015.10","2,060.50","1,412.60","125,638","Brown, Purple"
40930,Midway Airport,7/1/2025,"5,642","3,335.80","2,975.40","152,343",Orange
40960,Pulaski-Orange,7/1/2025,"3,113.90","1,643.30","1,338.40","81,771",Orange
41150,Kedzie-Midway,7/1/2025,"2,297.70","1,366.80","1,053","61,281",Orange
40310,Western-Orange,7/1/2025,"2,500.90","1,447.30","1,134.80","66,482",Orange
40120,35th/Archer,7/1/2025,"1,814.80","1,087.80",829.6,"48,425",Orange
41060,Ashland-Orange,7/1/2025,"1,216.10",766.8,591.4,"32,779",Orange
41130,Halsted-Orange,7/1/2025,"1,595.50","1,021.80",825,"43,314",Orange
40730,Washington/Wells,7/1/2025,"5,811.20","1,177.80",862.6,"136,870",Orange
40040,Quincy/Wells,7/1/2025,"5,925.30","1,741.80","1,472.40","144,686",Orange
40160,LaSalle/Van Buren,7/1/2025,"2,109.20",674.8,522.8,"51,716",Orange
40850,Library,7/1/2025,"2,579.50","1,815.80","1,218.20","70,103","Orange, Brown, Pink, Purple"
40680,Adams/Wabash,7/1/2025,"4,471.50","2,789.80","2,133.20","120,199",Orange
41700,Washington/Wabash,7/1/2025,"7,926.40","5,648","4,224.60","218,095","Orange, Brown, Purple, Pink"
40260,State/Lake,7/1/2025,"9,042.40","7,740","6,188.80","260,837",Orange
40380,Clark/Lake,7/1/2025,"11,587.30","5,946.30","5,379","305,600","Orange, Blue, Brown, Green, Purple, Pink"
40900,Howard,8/1/2025,"3,353.40","2,711.40","2,344.40","95,701","Red, Purple, Yellow"
41190,Jarvis,8/1/2025,"1,127.90","1,087.20",887,"33,556",Red
40100,Morse,8/1/2025,"2,710","2,592.80","2,338.60","81,566",Red
41300,Loyola,8/1/2025,"3,427.70","3,422.40","2,642.80","102,308",Red
40760,Granville,8/1/2025,"2,354.30","2,351.40","1,926","70,827",Red
40880,Thorndale,8/1/2025,"1,786.50","1,629.20","1,323","52,278",Red
41380,Bryn Mawr,8/1/2025,"2,395.20","2,400.80","2,162.40","73,116",Red
40340,Berwyn,8/1/2025,"1,834.30","1,761.40","1,567.80","55,167",Red
41200,Argyle,8/1/2025,"2,205.40","2,103.60","1,808","65,872",Red
40770,Lawrence,8/1/2025,"1,821.70","1,922.60","1,723.60","56,486",Red
40540,Wilson,8/1/2025,"4,722.60","4,125.40","3,208.60","135,845","Red, Purple"
40080,Sheridan,8/1/2025,"2,919","2,669.40","2,086.80","85,079",Red
41420,Addison-North Main,8/1/2025,"8,384.20","9,570.80","7,694.60","262,396",Red
41320,Belmont-North Main,8/1/2025,"7,692.80","8,272.20","6,508.80","235,454","Red, Purple, Brown"
41220,Fullerton,8/1/2025,"6,475","6,225.40","4,998.80","192,095","Red, Purple, Brown"
40650,North/Clybourn,8/1/2025,"3,269.40","3,397.80","2,782.80","99,561",Red
40630,Clark/Division,8/1/2025,"5,553.40","6,532.40","5,039.80","174,482",Red
41450,Chicago/State,8/1/2025,"8,788.50","8,741","7,083.40","263,680",Red
40330,Grand/State,8/1/2025,"7,701.50","10,097.40","7,980.20","252,120",Red
41660,Lake/State,8/1/2025,"12,384.90","11,428.80","9,057.20","362,512",Red
41090,Monroe/State,8/1/2025,"4,648.70","3,885.60","2,835.60","131,228",Red
40560,Jackson/State,8/1/2025,"4,192.80","3,812.80","3,108.40","122,655",Red
41490,Harrison,8/1/2025,"2,678.30","3,755.60","3,238.60","91,216",Red
41400,Roosevelt,8/1/2025,"8,017.90","8,455.40","8,617.20","253,739","Red, Orange, Green"
41000,Cermak-Chinatown,8/1/2025,"5,571","8,809.60","7,180.40","196,940",Red
40190,Sox-35th-Dan Ryan,8/1/2025,"4,425.40","5,441.40","3,907.20","139,677",Red
41230,47th-Dan Ryan,8/1/2025,"2,052.10","1,684.20","1,364.60","58,339",Red
41170,Garfield-Dan Ryan,8/1/2025,"2,236.10","1,788.40","1,430.40","63,053",Red
40910,63rd-Dan Ryan,8/1/2025,"1,855.10","1,377","1,220.40","51,945",Red
40990,69th,8/1/2025,"2,757","2,155.20","1,673.20","77,038",Red
40240,79th,8/1/2025,"3,867","3,006.20","2,546.80","108,972",Red
41430,87th,8/1/2025,"2,211","1,645.60","1,374.60","61,531",Red
40450,95th/Dan Ryan,8/1/2025,"5,759.10","4,237.80","3,571.40","159,988",Red
41050,Linden,8/1/2025,745.9,654.4,540.6,"21,639",Purple
41250,Central-Evanston,8/1/2025,495.1,280.6,275.4,"13,177",Purple
40400,Noyes,8/1/2025,491,358.6,304.6,"13,628",Purple
40520,Foster,8/1/2025,397.4,368.8,286.8,"11,624",Purple
40050,Davis,8/1/2025,"1,956.20","1,662.60","1,346","56,123",Purple
40690,Dempster,8/1/2025,506.5,514.8,404,"15,231",Purple
40270,Main,8/1/2025,680.7,605.8,441.4,"19,531",Purple
40840,South Boulevard,8/1/2025,402.9,319.4,231.6,"11,216",Purple
40140,Dempster-Skokie,8/1/2025,"1,161.60","1,018.60",869.2,"33,832",Yellow
41680,Oakton-Skokie,8/1/2025,497.9,343.4,286.2,"13,603",Yellow
40890,O'Hare Airport,8/1/2025,"11,599.30","9,866.80","10,362.40","344,732",Blue
40820,Rosemont,8/1/2025,"4,266.50","3,936.60","3,250","125,530",Blue
40230,Cumberland,8/1/2025,"2,624.80","2,091.80","1,750","74,330",Blue
40750,Harlem-O'Hare,8/1/2025,"1,686.60","1,063.20",895.6,"45,213",Blue
41280,Jefferson Park,8/1/2025,"4,862.50","3,430.80","2,882.80","133,681",Blue
41330,Montrose-O'Hare,8/1/2025,"1,816.10","1,176.40","1,028.40","49,163",Blue
40550,Irving Park-O'Hare,8/1/2025,"2,978.10","2,056.80","1,756.40","81,606",Blue
41240,Addison-O'Hare,8/1/2025,"1,998.60","1,299.20","1,134.60","54,140",Blue
40060,Belmont-O'Hare,8/1/2025,"3,600.70","2,542.40","2,162.60","99,139",Blue
41020,Logan Square,8/1/2025,"4,912.50","3,930","3,731.40","141,469",Blue
40570,California/Milwaukee,8/1/2025,"3,753.80","3,008.40","2,513.40","106,438",Blue
40670,Western/Milwaukee,8/1/2025,"3,778.40","2,854.80","2,474.60","105,994",Blue
40590,Damen/Milwaukee,8/1/2025,"4,636.80","4,608.60","4,037.40","140,602",Blue
40320,Division/Milwaukee,8/1/2025,"4,213.20","3,434.40","2,972.20","120,511",Blue
41410,Chicago/Milwaukee,8/1/2025,"2,925.90","2,296.40","2,026.40","83,057",Blue
40490,Grand/Milwaukee,8/1/2025,"2,676.10","2,217.80","1,968.20","77,128",Blue
40370,Washington/Dearborn,8/1/2025,"8,761.30","6,977.80","6,051.40","249,133",Blue
40790,Monroe/Dearborn,8/1/2025,"4,003","1,749.80","1,643.40","101,028",Blue
40070,Jackson/Dearborn,8/1/2025,"4,340.10","3,416","3,221.60","124,331",Blue
41340,LaSalle,8/1/2025,"1,792.20","1,339.80","1,259.80","50,634",Blue
40430,Clinton-Forest Park,8/1/2025,"2,336","1,205.60","1,067.20","60,421",Blue
40350,UIC-Halsted,8/1/2025,"3,341.30","2,094.80","1,727","89,276",Blue
40470,Racine,8/1/2025,720.6,351,305.8,"18,417",Blue
40810,Medical Center,8/1/2025,"1,557.70",839.6,612.2,"39,971",Blue
40220,Western-Forest Park,8/1/2025,611.8,513,393.8,"17,382",Blue
40250,Kedzie-Homan-Forest Park,8/1/2025,853.6,599.6,503,"23,438",Blue
40920,Pulaski-Forest Park,8/1/2025,651.9,497.4,437.6,"18,365",Blue
40970,Cicero-Forest Park,8/1/2025,585.2,389,314.2,"15,805",Blue
40010,Austin-Forest Park,8/1/2025,737.4,379.4,326,"19,013",Blue
40180,Oak Park-Forest Park,8/1/2025,617,301.2,260,"15,764",Blue
40980,Harlem-Forest Park,8/1/2025,423.5,260.6,194.4,"11,169",Blue
40390,Forest Park,8/1/2025,"1,298.10",767.4,679.4,"34,494",Blue
41030,Polk,8/1/2025,"2,411.90",784.8,637.4,"57,761",Pink
40830,18th,8/1/2025,"1,385.10","1,341.20","1,056.20","41,075",Pink
40210,Damen-Cermak,8/1/2025,"1,249.50",947.8,785.4,"34,906",Pink
40740,Western-Cermak,8/1/2025,908.7,729.8,551.6,"25,490",Pink
40440,California-Cermak,8/1/2025,"1,063.30",796.2,599.6,"29,309",Pink
41040,Kedzie-Cermak,8/1/2025,834.2,636.4,506.8,"23,234",Pink
40780,Central Park,8/1/2025,779.9,565.8,451.6,"21,465",Pink
40150,Pulaski-Cermak,8/1/2025,762,538,440.6,"20,896",Pink
40600,Kostner,8/1/2025,300.4,183.8,147.4,"7,965",Pink
40420,Cicero-Cermak,8/1/2025,847.6,712.8,554,"24,134",Pink
40580,54th/Cermak,8/1/2025,"1,737.50","1,223.40",979.6,"47,502",Pink
40020,Harlem-Lake,8/1/2025,"2,379.40","1,835","1,494","66,613",Green
41350,Oak Park-Lake,8/1/2025,930.4,702.4,561.2,"25,857",Green
40610,Ridgeland,8/1/2025,858.4,509.8,389.6,"22,524",Green
41260,Austin-Lake,8/1/2025,998.7,625.4,518.2,"26,690",Green
40280,Central-Lake,8/1/2025,"1,248.90",911.2,734.4,"34,454",Green
40700,Laramie,8/1/2025,642,439.4,356.2,"17,460",Green
40480,Cicero-Lake,8/1/2025,786.1,625.2,507.8,"22,174",Green
40030,Pulaski-Lake,8/1/2025,939.9,697.4,569,"26,070",Green
41670,Conservatory,8/1/2025,563,497.8,470,"16,661",Green
41070,Kedzie-Lake,8/1/2025,768,521.4,416.6,"20,819",Green
41360,California-Lake,8/1/2025,826.8,509.2,406.6,"21,942",Green
41710,Damen-Lake,8/1/2025,924.3,821.8,606.8,"26,554",Green
40170,Ashland-Lake,8/1/2025,"1,968","2,032","1,609.20","59,534","Green, Pink"
41510,Morgan-Lake,8/1/2025,"4,124.60","4,036.40","3,265","123,123",Green
41160,Clinton-Lake,8/1/2025,"3,095.70","1,706.60","1,407","80,578","Green, Pink"
41690,Cermak-McCormick Place,8/1/2025,"1,768","1,824.40","1,594.80","54,224",Green
41120,35-Bronzeville-IIT,8/1/2025,"1,407","1,237.60",915.8,"40,313",Green
40300,Indiana,8/1/2025,517,391.4,322.4,"14,427",Green
41270,43rd,8/1/2025,760.1,567,391.8,"20,757",Green
41080,47th-South Elevated,8/1/2025,753.6,686,455,"21,531",Green
40130,51st,8/1/2025,678.5,658,431.8,"19,697",Green
40510,Garfield-South Elevated,8/1/2025,930.7,816.4,594.8,"26,601",Green
41140,King Drive,8/1/2025,347.5,270.8,209,"9,697",Green
40720,East 63rd-Cottage Grove,8/1/2025,746.8,601.8,466.2,"21,023",Green
40940,Halsted/63rd,8/1/2025,402.7,304.4,238.8,"11,173",Green
40290,Ashland/63rd,8/1/2025,747.1,554.6,438.8,"20,656",Green
41290,Kimball,8/1/2025,"2,576.50","2,142.60","1,731.20","73,476",Brown
41180,Kedzie-Brown,8/1/2025,"1,379","1,181.20",928.4,"39,508",Brown
40870,Francisco,8/1/2025,955.5,685.4,544.4,"26,214",Brown
41010,Rockwell,8/1/2025,"1,052.80",780.6,565.8,"28,840",Brown
41480,Western-Brown,8/1/2025,"2,042.20","1,731.80","1,330","58,195",Brown
40090,Damen-Brown,8/1/2025,"1,610.90","1,243.60",987.2,"44,983",Brown
41500,Montrose-Brown,8/1/2025,"1,447.80","1,153",950.2,"40,920",Brown
41460,Irving Park-Brown,8/1/2025,"1,754.60","1,291",986.6,"48,234",Brown
41440,Addison-Brown,8/1/2025,"1,310.10",932.2,772.8,"36,037",Brown
41310,Paulina,8/1/2025,"1,711.90","1,382.20","1,016","47,940",Brown
40360,Southport,8/1/2025,"2,393.40","2,509","1,948.80","72,550",Brown
41210,Wellington,8/1/2025,"1,979.10","1,288.80",905.4,"52,532",Brown
40530,Diversey,8/1/2025,"3,464","2,630.80","1,920","95,497",Brown
40660,Armitage,8/1/2025,"3,064","2,740.80","1,931.60","87,706",Brown
40800,Sedgwick,8/1/2025,"2,778.60","2,844.40","2,081.60","82,981",Brown
40710,Chicago/Franklin,8/1/2025,"4,514","3,313","2,356","123,138",Brown
40460,Merchandise Mart,8/1/2025,"4,761","2,229.60","1,598.40","119,122","Brown, Purple"
40930,Midway Airport,8/1/2025,"5,897.20","3,694.60","3,243.40","158,532",Orange
40960,Pulaski-Orange,8/1/2025,"3,366.40","1,727.20","1,532.20","86,991",Orange
41150,Kedzie-Midway,8/1/2025,"2,418.30","1,414.60","1,202","63,867",Orange
40310,Western-Orange,8/1/2025,"2,641.60","1,550.80","1,314.20","69,798",Orange
40120,35th/Archer,8/1/2025,"1,912.60","1,227.60","1,033.80","51,472",Orange
41060,Ashland-Orange,8/1/2025,"1,218.90",804.8,640.4,"32,823",Orange
41130,Halsted-Orange,8/1/2025,"1,738.80","1,096.80",941,"46,703",Orange
40730,Washington/Wells,8/1/2025,"5,563.20","1,149.80",951.2,"127,333",Orange
40040,Quincy/Wells,8/1/2025,"5,676.40","1,934.80","1,670","137,228",Orange
40160,LaSalle/Van Buren,8/1/2025,"1,987.90",788.8,727.8,"49,329",Orange
40850,Library,8/1/2025,"2,480.50","2,547.40","1,958.80","74,621","Orange, Brown, Pink, Purple"
40680,Adams/Wabash,8/1/2025,"4,530.50","4,021","3,194.60","131,218",Orange
41700,Washington/Wabash,8/1/2025,"8,027.90","6,827.40","5,534.20","230,393","Orange, Brown, Purple, Pink"
40260,State/Lake,8/1/2025,"9,047","8,209.20","6,603.20","264,049",Orange
40380,Clark/Lake,8/1/2025,"11,325.20","6,361.20","5,858.40","298,927","Orange, Blue, Brown, Green, Purple, Pink"
40900,Howard,9/1/2025,"3,518.40","2,860.50","2,238.60","96,521","Red, Purple, Yellow"
41190,Jarvis,9/1/2025,"1,177.90","1,082",845.6,"33,291",Red
40100,Morse,9/1/2025,"2,896.40","2,531.50","2,062","81,261",Red
41300,Loyola,9/1/2025,"4,297.20","4,132","2,826","120,900",Red
40760,Granville,9/1/2025,"2,825.90","2,831.50","2,070.40","81,021",Red
40880,Thorndale,9/1/2025,"1,928.80","1,700.30","1,327","53,940",Red
41380,Bryn Mawr,9/1/2025,"2,718.90","2,422","1,995.20","76,761",Red
40340,Berwyn,9/1/2025,"1,874.50","1,735.50","1,399","53,302",Red
41200,Argyle,9/1/2025,"2,123.10","2,041.80","1,633.60","60,920",Red
40770,Lawrence,9/1/2025,"2,004.60","1,998.50","1,484.40","57,512",Red
40540,Wilson,9/1/2025,"5,199.50","3,810.80","2,962.40","139,245","Red, Purple"
40080,Sheridan,9/1/2025,"3,137.20","2,773.50","2,118.40","87,567",Red
41420,Addison-North Main,9/1/2025,"7,422.90","10,421.30","9,289","244,011",Red
41320,Belmont-North Main,9/1/2025,"7,959.40","7,997.50","5,857","228,422","Red, Purple, Brown"
41220,Fullerton,9/1/2025,"10,325.40","7,352","5,316.60","272,824","Red, Purple, Brown"
40650,North/Clybourn,9/1/2025,"3,522.50","3,527","2,590.80","101,035",Red
40630,Clark/Division,9/1/2025,"5,568.60","5,614.50","4,041.80","159,607",Red
41450,Chicago/State,9/1/2025,"8,859.40","8,072.30","6,120.80","248,941",Red
40330,Grand/State,9/1/2025,"6,705.40","8,886.50","7,012","211,419",Red
41660,Lake/State,9/1/2025,"11,771.30","10,534.80","8,462.60","331,650",Red
41090,Monroe/State,9/1/2025,"4,589.10","3,042.80","2,388.60","120,486",Red
40560,Jackson/State,9/1/2025,"5,318","3,498.50","2,585.60","138,599",Red
41490,Harrison,9/1/2025,"2,708","3,292","2,511.20","82,592",Red
41400,Roosevelt,9/1/2025,"7,527.90","7,004.30","6,873.60","220,471","Red, Orange, Green"
41000,Cermak-Chinatown,9/1/2025,"4,531.70","7,023.30","5,734.60","151,932",Red
40190,Sox-35th-Dan Ryan,9/1/2025,"3,694.40","3,053.80","2,318.20","101,388",Red
41230,47th-Dan Ryan,9/1/2025,"2,131.20","1,572.80","1,277.20","57,433",Red
41170,Garfield-Dan Ryan,9/1/2025,"2,307.70","1,785.30","1,370","62,453",Red
40910,63rd-Dan Ryan,9/1/2025,"2,054.40","1,341.50","1,355","55,283",Red
40990,69th,9/1/2025,"3,004.30","2,284.30","1,781.20","81,133",Red
40240,79th,9/1/2025,"3,996.60","2,895.30","2,507.20","108,046",Red
41430,87th,9/1/2025,"2,354.70","1,607","1,381.40","62,784",Red
40450,95th/Dan Ryan,9/1/2025,"6,104.90","4,097.30","3,417.80","161,681",Red
41050,Linden,9/1/2025,638.6,574.5,471,"18,063",Purple
41250,Central-Evanston,9/1/2025,513.5,282.5,242.6,"13,127",Purple
40400,Noyes,9/1/2025,609.3,598.8,393.2,"17,157",Purple
40520,Foster,9/1/2025,450.3,522.3,322.4,"13,158",Purple
40050,Davis,9/1/2025,"2,082.60","1,774.80","1,315.80","57,413",Purple
40690,Dempster,9/1/2025,515.1,551,422.8,"15,136",Purple
40270,Main,9/1/2025,725.9,606.3,443.2,"19,885",Purple
40840,South Boulevard,9/1/2025,436.9,304.3,227.6,"11,530",Purple
40140,Dempster-Skokie,9/1/2025,"1,086.70",778.5,862.6,"30,248",Yellow
41680,Oakton-Skokie,9/1/2025,583.3,269.8,247.8,"14,568",Yellow
40890,O'Hare Airport,9/1/2025,"10,465.10","9,005.80","10,898.40","310,283",Blue
40820,Rosemont,9/1/2025,"4,206","3,274.80","2,563.80","114,244",Blue
40230,Cumberland,9/1/2025,"2,648.90","1,585.30","1,354.80","68,742",Blue
40750,Harlem-O'Hare,9/1/2025,"1,886.70",978.8,779.2,"47,431",Blue
41280,Jefferson Park,9/1/2025,"4,869.30","3,034.80","2,543.60","127,113",Blue
41330,Montrose-O'Hare,9/1/2025,"1,924.40","1,110.30",877.6,"49,241",Blue
40550,Irving Park-O'Hare,9/1/2025,"3,123.40","1,953.80","1,578.60","81,300",Blue
41240,Addison-O'Hare,9/1/2025,"2,152","1,255","1,018.40","55,304",Blue
40060,Belmont-O'Hare,9/1/2025,"3,874.70","2,468.50","2,003","101,258",Blue
41020,Logan Square,9/1/2025,"5,121.60","3,770","3,141.80","138,343",Blue
40570,California/Milwaukee,9/1/2025,"3,914.20","2,896.80","2,203","104,801",Blue
40670,Western/Milwaukee,9/1/2025,"3,908.10","2,625.30","2,086.40","103,003",Blue
40590,Damen/Milwaukee,9/1/2025,"4,442.80","4,493.30","3,454.60","128,545",Blue
40320,Division/Milwaukee,9/1/2025,"4,384.40","3,608","2,662","119,814",Blue
41410,Chicago/Milwaukee,9/1/2025,"2,855.30","2,109.50","1,698.40","76,891",Blue
40490,Grand/Milwaukee,9/1/2025,"2,564.90","2,015.50","1,877.40","71,312",Blue
40370,Washington/Dearborn,9/1/2025,"8,418.30","5,934.80","5,353.20","227,290",Blue
40790,Monroe/Dearborn,9/1/2025,"4,244.60","1,378.50","1,410","101,700",Blue
40070,Jackson/Dearborn,9/1/2025,"5,038.10","2,881.30","2,378","129,216",Blue
41340,LaSalle,9/1/2025,"2,232.50","1,304","1,029","57,243",Blue
40430,Clinton-Forest Park,9/1/2025,"2,481.60","1,101.30","1,086.80","61,953",Blue
40350,UIC-Halsted,9/1/2025,"6,498.50","2,087.50","1,615.40","152,896",Blue
40470,Racine,9/1/2025,916.5,394.8,333.4,"22,493",Blue
40810,Medical Center,9/1/2025,"1,801.80",737.5,565.2,"43,614",Blue
40220,Western-Forest Park,9/1/2025,667.4,506.3,396,"18,021",Blue
40250,Kedzie-Homan-Forest Park,9/1/2025,926.5,641.8,502.2,"24,534",Blue
40920,Pulaski-Forest Park,9/1/2025,666.8,493.5,435.2,"18,153",Blue
40970,Cicero-Forest Park,9/1/2025,635.2,399,325.2,"16,561",Blue
40010,Austin-Forest Park,9/1/2025,839,387,311,"20,721",Blue
40180,Oak Park-Forest Park,9/1/2025,703.3,268.5,217.4,"16,931",Blue
40980,Harlem-Forest Park,9/1/2025,444.7,260,189.6,"11,326",Blue
40390,Forest Park,9/1/2025,"1,365.10",694,614.8,"34,518",Blue
41030,Polk,9/1/2025,"2,801.70",815.3,668,"65,436",Pink
40830,18th,9/1/2025,"1,424.80","1,236.50",896.8,"39,350",Pink
40210,Damen-Cermak,9/1/2025,"1,357.10",908,740.4,"35,833",Pink
40740,Western-Cermak,9/1/2025,935.7,787.3,532.8,"25,462",Pink
40440,California-Cermak,9/1/2025,"1,312.40","1,804.80","1,209.40","40,827",Pink
41040,Kedzie-Cermak,9/1/2025,"1,048","1,796","1,411.80","36,250",Pink
40780,Central Park,9/1/2025,852.9,550,497.4,"22,597",Pink
40150,Pulaski-Cermak,9/1/2025,774.4,507,441.2,"20,496",Pink
40600,Kostner,9/1/2025,311.4,179,158.8,"8,049",Pink
40420,Cicero-Cermak,9/1/2025,845,669.3,546,"23,152",Pink
40580,54th/Cermak,9/1/2025,"1,831.70","1,166",923.2,"47,745",Pink
40020,Harlem-Lake,9/1/2025,"2,408.60","1,648","1,304","63,693",Green
41350,Oak Park-Lake,9/1/2025,954.2,597.3,494,"24,898",Green
40610,Ridgeland,9/1/2025,883.4,423.3,305,"21,769",Green
41260,Austin-Lake,9/1/2025,"1,037.80",467.5,399.6,"25,661",Green
40280,Central-Lake,9/1/2025,"1,304.20",905.8,712.6,"34,575",Green
40700,Laramie,9/1/2025,701.6,509.3,410.8,"18,825",Green
40480,Cicero-Lake,9/1/2025,817.1,580,462.4,"21,791",Green
40030,Pulaski-Lake,9/1/2025,969.5,653.8,543.8,"25,694",Green
41670,Conservatory,9/1/2025,593.6,490.5,435.2,"16,604",Green
41070,Kedzie-Lake,9/1/2025,840.4,521.5,390.8,"21,688",Green
41360,California-Lake,9/1/2025,873,482.3,403.2,"22,278",Green
41710,Damen-Lake,9/1/2025,"1,183.50",867,504.2,"30,842",Green
40170,Ashland-Lake,9/1/2025,"2,028.40","1,654.30","1,087.80","54,653","Green, Pink"
41510,Morgan-Lake,9/1/2025,"3,983.20","3,727.80","2,943.40","113,275",Green
41160,Clinton-Lake,9/1/2025,"3,248","1,739.80","1,327.20","81,802","Green, Pink"
41690,Cermak-McCormick Place,9/1/2025,"1,824","1,341.50","1,232.60","49,834",Green
41120,35-Bronzeville-IIT,9/1/2025,"1,594.50",990.3,734,"41,115",Green
40300,Indiana,9/1/2025,544.6,328,265.4,"14,075",Green
41270,43rd,9/1/2025,784.8,488.5,391.6,"20,393",Green
41080,47th-South Elevated,9/1/2025,766.9,555.8,469.2,"20,674",Green
40130,51st,9/1/2025,705.8,562.3,423.4,"19,188",Green
40510,Garfield-South Elevated,9/1/2025,942.7,673.5,582.6,"25,403",Green
41140,King Drive,9/1/2025,356.7,250,223.2,"9,606",Green
40720,East 63rd-Cottage Grove,9/1/2025,797.1,570.5,551.6,"21,779",Green
40940,Halsted/63rd,9/1/2025,457.4,278.5,213.8,"11,789",Green
40290,Ashland/63rd,9/1/2025,774.1,482.8,450.2,"20,439",Green
41290,Kimball,9/1/2025,"2,747.30","2,056.50","1,641.60","74,127",Brown
41180,Kedzie-Brown,9/1/2025,"1,374","1,223.50",909.8,"38,297",Brown
40870,Francisco,9/1/2025,"1,035",728.3,540.4,"27,351",Brown
41010,Rockwell,9/1/2025,"1,115.10",789,570.4,"29,426",Brown
41480,Western-Brown,9/1/2025,"2,079.20","1,958.80","1,261.40","57,805",Brown
40090,Damen-Brown,9/1/2025,"1,765.40","1,296.30",904.2,"46,780",Brown
41500,Montrose-Brown,9/1/2025,"1,528.10","1,171",866,"41,104",Brown
41460,Irving Park-Brown,9/1/2025,"1,859.30","1,370.80",957,"49,314",Brown
41440,Addison-Brown,9/1/2025,"1,424.60",864,676,"36,752",Brown
41310,Paulina,9/1/2025,"1,853.80","1,550.50",934.4,"49,803",Brown
40360,Southport,9/1/2025,"2,430","2,289.50","1,703.20","68,705",Brown
41210,Wellington,9/1/2025,"2,158.10","1,537.80",809.2,"55,517",Brown
40530,Diversey,9/1/2025,"3,723.80","2,521.80","1,693.40","96,753",Brown
40660,Armitage,9/1/2025,"3,328.20","2,680","1,714.60","89,185",Brown
40800,Sedgwick,9/1/2025,"2,857.80","2,341.50","1,528.20","77,021",Brown
40710,Chicago/Franklin,9/1/2025,"4,653.50","3,231.30","2,195","121,624",Brown
40460,Merchandise Mart,9/1/2025,"4,925.20","2,061.50","1,393.40","118,643","Brown, Purple"
40930,Midway Airport,9/1/2025,"5,997.50","3,234.50","2,895.60","153,364",Orange
40960,Pulaski-Orange,9/1/2025,"3,808.10","1,637.30","1,340.20","93,221",Orange
41150,Kedzie-Midway,9/1/2025,"2,602.20","1,337.50","1,066.60","65,330",Orange
40310,Western-Orange,9/1/2025,"2,805","1,354.30","1,099.20","69,817",Orange
40120,35th/Archer,9/1/2025,"2,080.80","1,052.50",864,"52,227",Orange
41060,Ashland-Orange,9/1/2025,"1,271.60",726.8,558.4,"32,402",Orange
41130,Halsted-Orange,9/1/2025,"2,171.60","1,045.50",860.4,"54,088",Orange
40730,Washington/Wells,9/1/2025,"5,890.20","1,175",963.8,"133,214",Orange
40040,Quincy/Wells,9/1/2025,"5,985.40","1,655","1,503.60","139,831",Orange
40160,LaSalle/Van Buren,9/1/2025,"2,113.70",715.3,518.8,"49,842",Orange
40850,Library,9/1/2025,"3,041.70","2,123","1,513.40","79,935","Orange, Brown, Pink, Purple"
40680,Adams/Wabash,9/1/2025,"5,491.30","3,102.30","2,348.80","139,471",Orange
41700,Washington/Wabash,9/1/2025,"7,630.10","5,176.80","4,225.80","202,068","Orange, Brown, Purple, Pink"
40260,State/Lake,9/1/2025,"8,974.10","7,356.30","5,743.60","246,599",Orange
40380,Clark/Lake,9/1/2025,"11,325","5,895","5,300","287,904","Orange, Blue, Brown, Green, Purple, Pink"
40900,Howard,10/1/2025,"3,410.70","2,653.80","2,127.30","97,571","Red, Purple, Yellow"
41190,Jarvis,10/1/2025,"1,145.70","1,144.80",883.5,"34,463",Red
40100,Morse,10/1/2025,"2,857.70","2,581.30","2,033","84,184",Red
41300,Loyola,10/1/2025,"4,149.70","3,670","2,631","120,646",Red
40760,Granville,10/1/2025,"2,874.50","2,789","1,978","85,182",Red
40880,Thorndale,10/1/2025,"1,844.10","1,574.30","1,190.80","53,474",Red
41380,Bryn Mawr,10/1/2025,"2,664","2,418.80","1,863.80","78,403",Red
40340,Berwyn,10/1/2025,"1,861.80","1,825.50","1,363","55,576",Red
41200,Argyle,10/1/2025,"2,087.70","2,161.50","1,562.80","62,914",Red
40770,Lawrence,10/1/2025,"2,063.60","2,154","1,449","61,874",Red
40540,Wilson,10/1/2025,"5,057.30","3,866.50","2,887.30","143,333","Red, Purple"
40080,Sheridan,10/1/2025,"3,148.40","2,852.30","2,713.30","94,675",Red
41420,Addison-North Main,10/1/2025,"5,703.70","4,866","4,330.50","167,971",Red
41320,Belmont-North Main,10/1/2025,"8,162.70","7,963.50","7,211.30","248,442","Red, Purple, Brown"
41220,Fullerton,10/1/2025,"8,664.90","6,843.50","5,695","249,446","Red, Purple, Brown"
40650,North/Clybourn,10/1/2025,"3,648.90","3,876.30","3,270.80","112,512",Red
40630,Clark/Division,10/1/2025,"5,527.40","5,656.80","6,479.50","175,675",Red
41450,Chicago/State,10/1/2025,"8,781.60","8,186.80","7,351","264,127",Red
40330,Grand/State,10/1/2025,"6,559.40","9,294","8,133.30","220,575",Red
41660,Lake/State,10/1/2025,"11,780.60","12,031.30","9,841.80","358,445",Red
41090,Monroe/State,10/1/2025,"4,550.30","4,381.50","4,147","138,772",Red
40560,Jackson/State,10/1/2025,"5,260.10","4,279.30","5,348","159,492",Red
41490,Harrison,10/1/2025,"2,721.50","3,268.30","3,483.30","89,600",Red
41400,Roosevelt,10/1/2025,"7,390","7,727.80","8,109","233,317","Red, Orange, Green"
41000,Cermak-Chinatown,10/1/2025,"4,704.30","7,830.80","9,047.30","175,712",Red
40190,Sox-35th-Dan Ryan,10/1/2025,"2,863.70","2,045","1,925.30","81,745",Red
41230,47th-Dan Ryan,10/1/2025,"2,054.80","1,586.80","1,257","58,635",Red
41170,Garfield-Dan Ryan,10/1/2025,"2,318.70","2,026","1,455.50","67,257",Red
40910,63rd-Dan Ryan,10/1/2025,"1,954.20","1,400.80","1,275.80","55,653",Red
40990,69th,10/1/2025,"2,915","2,289.50","1,721.30","83,088",Red
40240,79th,10/1/2025,"3,859.50","2,879.30","2,389.50","109,844",Red
41430,87th,10/1/2025,"2,209.80","1,540.80","1,289.80","62,147",Red
40450,95th/Dan Ryan,10/1/2025,"5,894.10","4,100","3,420","165,645",Red
41050,Linden,10/1/2025,627.1,425.5,284.3,"17,262",Purple
41250,Central-Evanston,10/1/2025,517.9,295.3,238.3,"14,046",Purple
40400,Noyes,10/1/2025,652.9,626.3,323,"18,814",Purple
40520,Foster,10/1/2025,503.1,581.5,333,"15,230",Purple
40050,Davis,10/1/2025,"2,122.20","1,932","1,267.30","61,607",Purple
40690,Dempster,10/1/2025,515.8,527.3,405.8,"15,596",Purple
40270,Main,10/1/2025,713.8,626.5,428.3,"20,637",Purple
40840,South Boulevard,10/1/2025,433.3,311,210.5,"12,053",Purple
40140,Dempster-Skokie,10/1/2025,"1,053.80",662.3,477.8,"28,797",Yellow
41680,Oakton-Skokie,10/1/2025,553.3,305,240.3,"14,908",Yellow
40890,O'Hare Airport,10/1/2025,"11,128.60","9,693","10,384","336,265",Blue
40820,Rosemont,10/1/2025,"4,119.80","3,515.50","2,855.80","120,241",Blue
40230,Cumberland,10/1/2025,"2,560.50","1,672.50","1,427.50","71,291",Blue
40750,Harlem-O'Hare,10/1/2025,"1,783.30",949.3,736.5,"47,758",Blue
41280,Jefferson Park,10/1/2025,"4,877.70","3,349.30","2,533","135,715",Blue
41330,Montrose-O'Hare,10/1/2025,"1,841.90","1,176.50",871,"50,553",Blue
40550,Irving Park-O'Hare,10/1/2025,"2,987.30","2,071.30","1,602.80","83,405",Blue
41240,Addison-O'Hare,10/1/2025,"2,069.80","1,318",919.8,"56,556",Blue
40060,Belmont-O'Hare,10/1/2025,"3,745.80","2,522.80","1,928.30","103,958",Blue
41020,Logan Square,10/1/2025,"5,018.70","4,139.50","3,203","144,800",Blue
40570,California/Milwaukee,10/1/2025,"3,827.70","3,232.50","2,228","109,878",Blue
40670,Western/Milwaukee,10/1/2025,"3,840.90","3,002.30","2,185","109,090",Blue
40590,Damen/Milwaukee,10/1/2025,"4,429.50","4,675.80","3,490","134,541",Blue
40320,Division/Milwaukee,10/1/2025,"4,334.10","3,532","2,651.50","124,419",Blue
41410,Chicago/Milwaukee,10/1/2025,"2,171.30","1,685","1,362","62,129",Blue
40490,Grand/Milwaukee,10/1/2025,"3,036.70","2,573.80","2,131.30","88,663",Blue
40370,Washington/Dearborn,10/1/2025,"8,719.70","7,536.30","6,040","254,858",Blue
40790,Monroe/Dearborn,10/1/2025,"4,179.20","2,234.30","1,792.50","112,228",Blue
40070,Jackson/Dearborn,10/1/2025,"4,900.40","3,851.80","3,974.30","144,014",Blue
41340,LaSalle,10/1/2025,"2,188.70","1,240.50","1,333.30","60,634",Blue
40430,Clinton-Forest Park,10/1/2025,"2,541.80","1,213.50","1,327.50","68,625",Blue
40350,UIC-Halsted,10/1/2025,"6,119.10","2,142.80","3,645.50","163,892",Blue
40470,Racine,10/1/2025,901.8,533.8,713.3,"25,729",Blue
40810,Medical Center,10/1/2025,"1,763",828.8,911,"47,507",Blue
40220,Western-Forest Park,10/1/2025,654.4,507.8,434,"18,819",Blue
40250,Kedzie-Homan-Forest Park,10/1/2025,912.2,586.8,485,"25,268",Blue
40920,Pulaski-Forest Park,10/1/2025,649.9,482,418.8,"18,551",Blue
40970,Cicero-Forest Park,10/1/2025,619.7,408,298.8,"17,079",Blue
40010,Austin-Forest Park,10/1/2025,814.7,428,326.5,"21,755",Blue
40180,Oak Park-Forest Park,10/1/2025,676.7,345.8,248.5,"17,941",Blue
40980,Harlem-Forest Park,10/1/2025,421.4,264,207,"11,577",Blue
40390,Forest Park,10/1/2025,"1,296.90",709.5,652.5,"35,277",Blue
41030,Polk,10/1/2025,"2,725.70",788,703.3,"68,655",Pink
40830,18th,10/1/2025,"1,426.30","1,207.50","1,394.80","43,215",Pink
40210,Damen-Cermak,10/1/2025,"1,310.70",873.3,686.3,"36,383",Pink
40740,Western-Cermak,10/1/2025,920.1,678,442.8,"25,645",Pink
40440,California-Cermak,10/1/2025,"1,074.70",716,515,"29,641",Pink
41040,Kedzie-Cermak,10/1/2025,813.7,565.8,406.5,"22,603",Pink
40780,Central Park,10/1/2025,802.6,530.8,377,"22,090",Pink
40150,Pulaski-Cermak,10/1/2025,742.2,471.5,387.8,"20,507",Pink
40600,Kostner,10/1/2025,307.8,178,128.3,"8,305",Pink
40420,Cicero-Cermak,10/1/2025,797.3,621.3,473,"22,716",Pink
40580,54th/Cermak,10/1/2025,"1,721","1,033",797.5,"46,905",Pink
40020,Harlem-Lake,10/1/2025,"2,353.40","1,640.50","1,291.80","65,857",Green
41350,Oak Park-Lake,10/1/2025,903.4,699.5,536.5,"25,722",Green
40610,Ridgeland,10/1/2025,843.3,474.8,317.8,"22,566",Green
41260,Austin-Lake,10/1/2025,"1,000.20",564.3,441,"27,026",Green
40280,Central-Lake,10/1/2025,"1,273.50",825,660.3,"35,231",Green
40700,Laramie,10/1/2025,684.5,408,317.8,"18,647",Green
40480,Cicero-Lake,10/1/2025,777.9,559.5,416.8,"21,797",Green
40030,Pulaski-Lake,10/1/2025,921,648.8,490.5,"25,740",Green
41670,Conservatory,10/1/2025,575.7,459.8,377.3,"16,590",Green
41070,Kedzie-Lake,10/1/2025,779.3,493.3,368,"21,369",Green
41360,California-Lake,10/1/2025,834.4,485.5,384.5,"22,671",Green
41710,Damen-Lake,10/1/2025,"1,268.70",877.3,"1,019.50","36,767",Green
40170,Ashland-Lake,10/1/2025,"2,021.40","1,407.80","1,143","56,696","Green, Pink"
41510,Morgan-Lake,10/1/2025,"4,282.70","3,791.50","3,151.80","126,274",Green
41160,Clinton-Lake,10/1/2025,"3,193.90","1,785","1,736","87,543","Green, Pink"
41690,Cermak-McCormick Place,10/1/2025,"2,116.20","2,622","3,355.30","72,581",Green
41120,35-Bronzeville-IIT,10/1/2025,"1,453.70",861,"1,350.50","42,282",Green
40300,Indiana,10/1/2025,534.9,341.8,316,"14,933",Green
41270,43rd,10/1/2025,756.2,484.5,418.5,"21,005",Green
41080,47th-South Elevated,10/1/2025,767.3,534.8,425.8,"21,490",Green
40130,51st,10/1/2025,670.8,548,400,"19,221",Green
40510,Garfield-South Elevated,10/1/2025,926.2,749,564,"26,555",Green
41140,King Drive,10/1/2025,359.3,229.5,187.3,"9,930",Green
40720,East 63rd-Cottage Grove,10/1/2025,799.1,569,466.5,"22,522",Green
40940,Halsted/63rd,10/1/2025,439.7,234.5,180,"11,770",Green
40290,Ashland/63rd,10/1/2025,740.2,428.8,406.5,"20,365",Green
41290,Kimball,10/1/2025,"2,591.80","2,039.30","1,588.80","74,123",Brown
41180,Kedzie-Brown,10/1/2025,"1,346.20","1,111.80",852,"38,817",Brown
40870,Francisco,10/1/2025,"1,019.80",799.8,531,"28,778",Brown
41010,Rockwell,10/1/2025,"1,106",926.5,621,"31,629",Brown
41480,Western-Brown,10/1/2025,"2,020.40","2,551.50","1,900.50","64,278",Brown
40090,Damen-Brown,10/1/2025,"1,700.30","1,708","1,118.30","50,412",Brown
41500,Montrose-Brown,10/1/2025,"1,560.60","1,477.80",969.3,"45,682",Brown
41460,Irving Park-Brown,10/1/2025,"1,859.60","1,685.50","1,117.30","53,981",Brown
41440,Addison-Brown,10/1/2025,"1,420","1,008.30",755.5,"39,715",Brown
41310,Paulina,10/1/2025,"1,870.70","1,562","1,036.30","53,419",Brown
40360,Southport,10/1/2025,"2,405.50","2,253.30","1,620","70,819",Brown
41210,Wellington,10/1/2025,"2,191","1,475.50","1,094","60,671",Brown
40530,Diversey,10/1/2025,"3,782.80","2,732","2,249.50","106,931",Brown
40660,Armitage,10/1/2025,"3,380.20","2,802","1,867.30","96,422",Brown
40800,Sedgwick,10/1/2025,"2,840.40","2,266.30","2,485.50","84,337",Brown
40710,Chicago/Franklin,10/1/2025,"4,638.80","3,257.30","2,665.30","130,383",Brown
40460,Merchandise Mart,10/1/2025,"4,997.10","2,567.50","1,960.30","133,044","Brown, Purple"
40930,Midway Airport,10/1/2025,"5,634.60","3,286.80","2,639.80","153,302",Orange
40960,Pulaski-Orange,10/1/2025,"3,572.20","1,546","1,147.30","92,933",Orange
41150,Kedzie-Midway,10/1/2025,"2,425","1,207",849.8,"64,003",Orange
40310,Western-Orange,10/1/2025,"2,664.50","1,341.30",951.3,"70,453",Orange
40120,35th/Archer,10/1/2025,"1,956.90","1,139.50",804,"52,782",Orange
41060,Ashland-Orange,10/1/2025,"1,208.30",719.5,542,"32,836",Orange
41130,Halsted-Orange,10/1/2025,"2,045.30","1,094.80","1,148.30","56,013",Orange
40730,Washington/Wells,10/1/2025,"5,893.20","1,226.30","1,263.50","145,503",Orange
40040,Quincy/Wells,10/1/2025,"5,931.60","1,703.80","1,533.50","149,376",Orange
40160,LaSalle/Van Buren,10/1/2025,"2,054.80",710.8,506.5,"52,129",Orange
40850,Library,10/1/2025,"2,910","1,860","2,121","82,855","Orange, Brown, Pink, Purple"
40680,Adams/Wabash,10/1/2025,"5,515.10","4,258.50","4,825","163,181",Orange
41700,Washington/Wabash,10/1/2025,"7,492.70","5,665","4,674","213,689","Orange, Brown, Purple, Pink"
40260,State/Lake,10/1/2025,"8,877.10","7,045.50","5,233.50","253,289",Orange
40380,Clark/Lake,10/1/2025,"11,278","7,328","6,635.30","315,247","Orange, Blue, Brown, Green, Purple, Pink"
40900,Howard,11/1/2025,"3,228.70","2,491.80","1,860.20","84,965","Red, Purple, Yellow"
41190,Jarvis,11/1/2025,"1,065.70",900.8,709.5,"29,010",Red
40100,Morse,11/1/2025,"2,663.40","2,211.20","1,688","71,788",Red
41300,Loyola,11/1/2025,"3,673.70","3,054.20","2,007.20","97,114",Red
40760,Granville,11/1/2025,"2,605","2,460.80","1,625.80","71,554",Red
40880,Thorndale,11/1/2025,"1,714.80","1,346","1,009.70","45,370",Red
41380,Bryn Mawr,11/1/2025,"2,537.90","2,093.60","1,599.30","68,285",Red
40340,Berwyn,11/1/2025,"1,749","1,568.80","1,088.30","47,605",Red
41200,Argyle,11/1/2025,"1,917.20","1,890.20","1,322.30","53,811",Red
40770,Lawrence,11/1/2025,"1,837.20","2,067.80","1,406","53,681",Red
40540,Wilson,11/1/2025,"4,610.80","3,428","2,334.30","118,752","Red, Purple"
40080,Sheridan,11/1/2025,"2,687.10","2,404.80","1,493.50","72,040",Red
41420,Addison-North Main,11/1/2025,"4,021.30","6,889","2,741.70","127,299",Red
41320,Belmont-North Main,11/1/2025,"7,052.50","7,191","4,382.30","196,247","Red, Purple, Brown"
41220,Fullerton,11/1/2025,"7,179","5,447.20","3,288.30","183,367","Red, Purple, Brown"
40650,North/Clybourn,11/1/2025,"3,222.80","3,277.60","2,162.50","90,596",Red
40630,Clark/Division,11/1/2025,"4,894.20","5,093.60","3,131.50","137,246",Red
41450,Chicago/State,11/1/2025,"8,045","7,927.40","4,753.80","221,015",Red
40330,Grand/State,11/1/2025,"5,567.40","8,023","4,870.70","175,119",Red
41660,Lake/State,11/1/2025,"10,636.80","9,766.80","6,246.30","288,411",Red
41090,Monroe/State,11/1/2025,"4,035.60","2,725","1,869.30","101,517",Red
40560,Jackson/State,11/1/2025,"4,412.40","2,428.60","1,791.20","106,726",Red
41490,Harrison,11/1/2025,"2,259.50","2,393.80","1,634.50","64,707",Red
41400,Roosevelt,11/1/2025,"6,574.60","6,478.60","5,484.70","190,218","Red, Orange, Green"
41000,Cermak-Chinatown,11/1/2025,"3,932.60","5,541.80","4,112.70","127,105",Red
40190,Sox-35th-Dan Ryan,11/1/2025,"2,504.80","1,676.60","1,275.80","63,630",Red
41230,47th-Dan Ryan,11/1/2025,"1,974.30","1,448.40","1,085","51,264",Red
41170,Garfield-Dan Ryan,11/1/2025,"2,082.90","1,730.20","1,180","55,307",Red
40910,63rd-Dan Ryan,11/1/2025,"1,684.90","1,247.40","1,069.80","44,670",Red
40990,69th,11/1/2025,"2,654.10","2,097.80","1,623","70,654",Red
40240,79th,11/1/2025,"3,692.20","2,737.20","2,211.30","97,106",Red
41430,87th,11/1/2025,"2,070.40","1,412.20","1,133.20","53,197",Red
40450,95th/Dan Ryan,11/1/2025,"5,582.90","3,831.20","3,073.30","143,671",Red
41050,Linden,11/1/2025,486.7,438.6,198.8,"12,634",Purple
41250,Central-Evanston,11/1/2025,483.7,276,178.8,"11,643",Purple
40400,Noyes,11/1/2025,579.9,527.8,257.5,"15,202",Purple
40520,Foster,11/1/2025,446.7,491,253.5,"12,464",Purple
40050,Davis,11/1/2025,"1,960.40","1,688.60","1,068.50","52,102",Purple
40690,Dempster,11/1/2025,467.2,462.8,307,"13,033",Purple
40270,Main,11/1/2025,645.5,513.2,344.5,"16,898",Purple
40840,South Boulevard,11/1/2025,412.8,265.2,189.3,"10,306",Purple
40140,Dempster-Skokie,11/1/2025,836.9,539,298.8,"20,389",Yellow
41680,Oakton-Skokie,11/1/2025,501.3,241.4,157.2,"11,675",Yellow
40890,O'Hare Airport,11/1/2025,"8,780.90","7,825.80","8,921","259,492",Blue
40820,Rosemont,11/1/2025,"3,661.10","2,575.40","2,059.80","94,797",Blue
40230,Cumberland,11/1/2025,"2,228.70","1,252.60","1,008.20","54,658",Blue
40750,Harlem-O'Hare,11/1/2025,"1,613.20",820,599.5,"38,347",Blue
41280,Jefferson Park,11/1/2025,"4,515.10","2,836.40","2,180.20","113,049",Blue
41330,Montrose-O'Hare,11/1/2025,"1,676.50",955.8,705.5,"40,866",Blue
40550,Irving Park-O'Hare,11/1/2025,"2,734.10","1,734.20","1,373","68,856",Blue
41240,Addison-O'Hare,11/1/2025,"1,863.40","1,006.20",744.2,"44,900",Blue
40060,Belmont-O'Hare,11/1/2025,"3,502.80","2,262.40","1,712.80","88,142",Blue
41020,Logan Square,11/1/2025,"4,641.90","3,448.20","2,401.50","119,847",Blue
40570,California/Milwaukee,11/1/2025,"3,491.30","2,546.40","1,635.30","88,878",Blue
40670,Western/Milwaukee,11/1/2025,"3,520.10","2,358.20","1,596.80","88,253",Blue
40590,Damen/Milwaukee,11/1/2025,"4,030.40","3,727.60","2,415.30","109,708",Blue
40320,Division/Milwaukee,11/1/2025,"3,965.70","2,866.40","1,959","101,434",Blue
41410,Chicago/Milwaukee,11/1/2025,"2,014.60","1,355.80","1,042.80","51,314",Blue
40490,Grand/Milwaukee,11/1/2025,"2,610.20","2,031.60","1,506.30","68,790",Blue
40370,Washington/Dearborn,11/1/2025,"8,286.80","5,962.40","4,306.70","213,101",Blue
40790,Monroe/Dearborn,11/1/2025,"3,727.60","1,166","1,058","83,003",Blue
40070,Jackson/Dearborn,11/1/2025,"4,291.80","2,307","1,940.80","104,725",Blue
41340,LaSalle,11/1/2025,"1,968.50",975.8,758.2,"46,830",Blue
40430,Clinton-Forest Park,11/1/2025,"2,259.90","1,047.40",910.7,"53,640",Blue
40350,UIC-Halsted,11/1/2025,"5,205.30","1,897.40","1,283.30","116,087",Blue
40470,Racine,11/1/2025,755.2,314.4,245.3,"17,393",Blue
40810,Medical Center,11/1/2025,"1,585.60",745.4,479.2,"36,729",Blue
40220,Western-Forest Park,11/1/2025,580.7,414.2,301.7,"14,915",Blue
40250,Kedzie-Homan-Forest Park,11/1/2025,838.5,558.2,459.2,"21,478",Blue
40920,Pulaski-Forest Park,11/1/2025,581.5,431.2,353.3,"15,325",Blue
40970,Cicero-Forest Park,11/1/2025,573.7,372.2,274.2,"14,406",Blue
40010,Austin-Forest Park,11/1/2025,728,331,240,"16,927",Blue
40180,Oak Park-Forest Park,11/1/2025,616.5,260.2,173,"14,052",Blue
40980,Harlem-Forest Park,11/1/2025,374.1,207.4,157.3,"9,088",Blue
40390,Forest Park,11/1/2025,"1,195.30",597,458.7,"28,448",Blue
41030,Polk,11/1/2025,"2,508.60",693,472.5,"53,963",Pink
40830,18th,11/1/2025,"1,310.90","1,120.60",750,"35,010",Pink
40210,Damen-Cermak,11/1/2025,"1,158.60",763,575.3,"29,281",Pink
40740,Western-Cermak,11/1/2025,828.6,584,383,"20,962",Pink
40440,California-Cermak,11/1/2025,994.9,686.4,484,"25,240",Pink
41040,Kedzie-Cermak,11/1/2025,745.6,537.6,354.3,"18,980",Pink
40780,Central Park,11/1/2025,733.6,470.8,342.2,"18,346",Pink
40150,Pulaski-Cermak,11/1/2025,684.9,448.2,327,"17,217",Pink
40600,Kostner,11/1/2025,278.4,164.4,133,"6,909",Pink
40420,Cicero-Cermak,11/1/2025,730.7,578.2,393.8,"19,137",Pink
40580,54th/Cermak,11/1/2025,"1,577.20",962.2,659,"38,731",Pink
40020,Harlem-Lake,11/1/2025,"2,153.70","1,457.20",993.5,"54,167",Green
41350,Oak Park-Lake,11/1/2025,793.6,502.8,347.2,"19,675",Green
40610,Ridgeland,11/1/2025,794.3,354.4,225.5,"18,217",Green
41260,Austin-Lake,11/1/2025,924.5,544,369.3,"22,501",Green
40280,Central-Lake,11/1/2025,"1,186.20",784.4,587.5,"29,984",Green
40700,Laramie,11/1/2025,611.1,386.2,281.3,"15,229",Green
40480,Cicero-Lake,11/1/2025,735.5,520.4,383.2,"18,875",Green
40030,Pulaski-Lake,11/1/2025,872.6,608.4,459.7,"22,379",Green
41670,Conservatory,11/1/2025,523.6,433.6,339.7,"14,154",Green
41070,Kedzie-Lake,11/1/2025,711.2,432.8,308.5,"17,527",Green
41360,California-Lake,11/1/2025,776.1,414.4,312.7,"18,694",Green
41710,Damen-Lake,11/1/2025,"1,123.60",705,526.8,"28,034",Green
40170,Ashland-Lake,11/1/2025,"1,809.70","1,227.20",783.5,"45,222","Green, Pink"
41510,Morgan-Lake,11/1/2025,"3,753","3,303.40","2,123","100,562",Green
41160,Clinton-Lake,11/1/2025,"2,835.30","1,337",945.8,"66,230","Green, Pink"
41690,Cermak-McCormick Place,11/1/2025,"1,565","1,414","1,140.70","43,649",Green
41120,35-Bronzeville-IIT,11/1/2025,"1,317.90",816.4,553.5,"32,444",Green
40300,Indiana,11/1/2025,484,312.8,240.8,"12,205",Green
41270,43rd,11/1/2025,658,411.6,328,"16,528",Green
41080,47th-South Elevated,11/1/2025,697.8,489,315.8,"17,599",Green
40130,51st,11/1/2025,607.2,460,324,"15,780",Green
40510,Garfield-South Elevated,11/1/2025,814.5,625.8,440.3,"21,247",Green
41140,King Drive,11/1/2025,327.5,212.6,176.2,"8,343",Green
40720,East 63rd-Cottage Grove,11/1/2025,749.7,530.2,382.8,"19,193",Green
40940,Halsted/63rd,11/1/2025,386.8,231.2,163.3,"9,485",Green
40290,Ashland/63rd,11/1/2025,681.5,450.6,378.8,"17,474",Green
41290,Kimball,11/1/2025,"2,472.30","1,845.40","1,395.30","64,572",Brown
41180,Kedzie-Brown,11/1/2025,"1,277.70","1,037",754,"33,986",Brown
40870,Francisco,11/1/2025,920.6,633,411.3,"23,124",Brown
41010,Rockwell,11/1/2025,"1,038.80",707.6,439,"25,910",Brown
41480,Western-Brown,11/1/2025,"1,787.10","1,416.80",911.3,"46,506",Brown
40090,Damen-Brown,11/1/2025,"1,578.80","1,214.80",752.5,"40,586",Brown
41500,Montrose-Brown,11/1/2025,"1,439.10","1,229.20",755.7,"38,023",Brown
41460,Irving Park-Brown,11/1/2025,"1,688.30","1,236.60",751,"42,766",Brown
41440,Addison-Brown,11/1/2025,"1,306.20",821.8,537.2,"32,150",Brown
41310,Paulina,11/1/2025,"1,704.90","1,221.20",737.5,"42,925",Brown
40360,Southport,11/1/2025,"2,105.80","2,046.80","1,161.20","57,212",Brown
41210,Wellington,11/1/2025,"1,961.60","1,176.80",697.2,"47,338",Brown
40530,Diversey,11/1/2025,"3,455.60","2,368","1,366.20","85,694",Brown
40660,Armitage,11/1/2025,"3,002.90","2,464.80","1,288.80","77,113",Brown
40800,Sedgwick,11/1/2025,"2,504.20","1,881.20","1,101","63,591",Brown
40710,Chicago/Franklin,11/1/2025,"4,164.60","2,905.60","1,730.30","104,038",Brown
40460,Merchandise Mart,11/1/2025,"4,354.80","1,853.40","1,016.20","98,106","Brown, Purple"
40930,Midway Airport,11/1/2025,"4,943.20","2,775.40","2,297.30","121,582",Orange
40960,Pulaski-Orange,11/1/2025,"3,273.30","1,460.20","1,000.70","75,498",Orange
41150,Kedzie-Midway,11/1/2025,"2,267.30","1,182.80",807.5,"53,837",Orange
40310,Western-Orange,11/1/2025,"2,493.60","1,249.40",891,"58,971",Orange
40120,35th/Archer,11/1/2025,"1,850.10",955.4,679,"44,003",Orange
41060,Ashland-Orange,11/1/2025,"1,148.20",623.6,442.2,"27,587",Orange
41130,Halsted-Orange,11/1/2025,"1,846.20",890,670.2,"43,548",Orange
40730,Washington/Wells,11/1/2025,"5,264.90","1,069",736.2,"109,795",Orange
40040,Quincy/Wells,11/1/2025,"5,202.80","1,503.60","1,123.70","113,113",Orange
40160,LaSalle/Van Buren,11/1/2025,"1,885.30",562.8,358.3,"40,784",Orange
40850,Library,11/1/2025,"2,464.50","1,402.60",994.8,"59,807","Orange, Brown, Pink, Purple"
40680,Adams/Wabash,11/1/2025,"4,764.20","2,432.80","1,912","114,155",Orange
41700,Washington/Wabash,11/1/2025,"7,103.10","5,246.20","3,565.20","182,581","Orange, Brown, Purple, Pink"
40260,State/Lake,11/1/2025,"7,842.50","6,621.40","4,186.20","207,231",Orange
40380,Clark/Lake,11/1/2025,"9,878.70","5,255.60","3,824.80","236,923","Orange, Blue, Brown, Green, Purple, Pink"
40900,Howard,12/1/2025,"2,930.10","2,246.30","1,533.80","81,117","Red, Purple, Yellow"
41190,Jarvis,12/1/2025,928,850,586.6,"26,749",Red
40100,Morse,12/1/2025,"2,387.80","2,033.50","1,377.60","67,553",Red
41300,Loyola,12/1/2025,"2,647.60","2,262.30","1,372.40","74,158",Red
40760,Granville,12/1/2025,"2,000.20","1,798.30","1,131.80","56,856",Red
40880,Thorndale,12/1/2025,"1,508.20","1,209",805.2,"42,042",Red
41380,Bryn Mawr,12/1/2025,"2,231.80","1,770","1,229","62,324",Red
40340,Berwyn,12/1/2025,"1,616.90","1,352",918,"45,569",Red
41200,Argyle,12/1/2025,"1,700.60","1,411.30",839.8,"47,258",Red
40770,Lawrence,12/1/2025,"1,710.40","1,575.80",996.2,"48,913",Red
40540,Wilson,12/1/2025,"3,918.60","2,968.80","1,902","107,595","Red, Purple"
40080,Sheridan,12/1/2025,"2,217.20","1,788.30","1,162.80","61,745",Red
41420,Addison-North Main,12/1/2025,"3,811.30","5,195.80","2,528.80","117,275",Red
41320,Belmont-North Main,12/1/2025,"6,149.60","5,675.30","3,367.80","174,831","Red, Purple, Brown"
41220,Fullerton,12/1/2025,"4,880.90","4,205.50","2,458","136,491","Red, Purple, Brown"
40650,North/Clybourn,12/1/2025,"2,885.30","2,761","1,733.40","83,187",Red
40630,Clark/Division,12/1/2025,"4,518.10","4,318.50","2,512.60","129,236",Red
41450,Chicago/State,12/1/2025,"7,051.80","6,700.80","4,066.60","202,276",Red
40330,Grand/State,12/1/2025,"5,459.10","6,802.80","4,136","167,991",Red
41660,Lake/State,12/1/2025,"9,981.80","8,992.30","5,411.60","282,627",Red
41090,Monroe/State,12/1/2025,"3,635.10","2,455.80","1,417.40","96,882",Red
40560,Jackson/State,12/1/2025,"2,929.80","1,936.50","1,251.80","78,461",Red
41490,Harrison,12/1/2025,"1,851.50","1,750.80","1,129.80","53,384",Red
41400,Roosevelt,12/1/2025,"5,832.10","5,782","4,019.20","171,530","Red, Orange, Green"
41000,Cermak-Chinatown,12/1/2025,"3,424.90","4,499.80","3,464.60","110,669",Red
40190,Sox-35th-Dan Ryan,12/1/2025,"2,086.20","1,416.30",954,"56,332",Red
41230,47th-Dan Ryan,12/1/2025,"1,715","1,329.80",891.6,"47,507",Red
41170,Garfield-Dan Ryan,12/1/2025,"1,815.40","1,387",948.8,"50,230",Red
40910,63rd-Dan Ryan,12/1/2025,"1,442.10","1,048.80",867.4,"40,258",Red
40990,69th,12/1/2025,"2,367.60","1,936.30","1,346.40","66,564",Red
40240,79th,12/1/2025,"3,307.40","2,486.50","1,966.80","92,542",Red
41430,87th,12/1/2025,"1,861.80","1,302.50",985.2,"51,096",Red
40450,95th/Dan Ryan,12/1/2025,"5,068.40","3,509","2,676.60","138,924",Red
41050,Linden,12/1/2025,468.5,462.5,168.6,"12,999",Purple
41250,Central-Evanston,12/1/2025,450,272,180.2,"11,890",Purple
40400,Noyes,12/1/2025,400.4,290.5,134.8,"10,644",Purple
40520,Foster,12/1/2025,304.5,289.8,153.4,"8,625",Purple
40050,Davis,12/1/2025,"1,669.80","1,220.50",785,"45,543",Purple
40690,Dempster,12/1/2025,426.4,342.5,221.4,"11,857",Purple
40270,Main,12/1/2025,588.6,479.3,277.6,"16,255",Purple
40840,South Boulevard,12/1/2025,377.5,243.5,144.4,"10,001",Purple
40140,Dempster-Skokie,12/1/2025,722.2,533,280.4,"19,422",Yellow
41680,Oakton-Skokie,12/1/2025,394.9,240.5,155.4,"10,427",Yellow
40890,O'Hare Airport,12/1/2025,"8,498.80","7,595.80","7,194.60","253,329",Blue
40820,Rosemont,12/1/2025,"3,186.20","2,523.50","1,767.20","89,026",Blue
40230,Cumberland,12/1/2025,"1,916.30","1,196.50",819.2,"51,040",Blue
40750,Harlem-O'Hare,12/1/2025,"1,358",790.3,530.4,"35,690",Blue
41280,Jefferson Park,12/1/2025,"4,035.70","2,701.30","1,990.20","109,542",Blue
41330,Montrose-O'Hare,12/1/2025,"1,436",874.3,625.2,"38,215",Blue
40550,Irving Park-O'Hare,12/1/2025,"2,404","1,612.30","1,208","65,378",Blue
41240,Addison-O'Hare,12/1/2025,"1,584.30",912.8,619.8,"41,605",Blue
40060,Belmont-O'Hare,12/1/2025,"3,113.40","2,159","1,471.60","84,488",Blue
41020,Logan Square,12/1/2025,"4,107","3,103","1,970","112,616",Blue
40570,California/Milwaukee,12/1/2025,"3,015.50","2,178.50","1,357.60","81,844",Blue
40670,Western/Milwaukee,12/1/2025,"3,038.70","2,041","1,245.40","81,242",Blue
40590,Damen/Milwaukee,12/1/2025,"3,627.40","3,194.80","1,906.80","102,115",Blue
40320,Division/Milwaukee,12/1/2025,"3,536.20","2,581.30","1,624.60","96,244",Blue
41410,Chicago/Milwaukee,12/1/2025,"1,798.60","1,214.80",810.6,"48,481",Blue
40490,Grand/Milwaukee,12/1/2025,"2,300.20","1,858","1,254.60","64,309",Blue
40370,Washington/Dearborn,12/1/2025,"7,591.50","5,602.30","3,661.20","207,727",Blue
40790,Monroe/Dearborn,12/1/2025,"3,159.70","1,125",794.6,"77,986",Blue
40070,Jackson/Dearborn,12/1/2025,"3,226.60","1,899","1,318.40","85,174",Blue
41340,LaSalle,12/1/2025,"1,510",830.8,556.2,"39,324",Blue
40430,Clinton-Forest Park,12/1/2025,"1,962.60","1,009",772.8,"51,078",Blue
40350,UIC-Halsted,12/1/2025,"2,663.50","1,192.30",733.8,"67,036",Blue
40470,Racine,12/1/2025,662.5,340.8,241.8,"17,147",Blue
40810,Medical Center,12/1/2025,"1,283.40",589.3,423.8,"32,710",Blue
40220,Western-Forest Park,12/1/2025,500.1,364.3,245.8,"13,689",Blue
40250,Kedzie-Homan-Forest Park,12/1/2025,751.5,516.8,419.8,"20,699",Blue
40920,Pulaski-Forest Park,12/1/2025,519.1,411.5,325.6,"14,695",Blue
40970,Cicero-Forest Park,12/1/2025,508.7,317.5,225,"13,586",Blue
40010,Austin-Forest Park,12/1/2025,579.5,286,197.6,"14,880",Blue
40180,Oak Park-Forest Park,12/1/2025,518.9,232.5,137.8,"13,035",Blue
40980,Harlem-Forest Park,12/1/2025,309.3,191.5,125.2,"8,196",Blue
40390,Forest Park,12/1/2025,"1,016.50",556,393.8,"26,557",Blue
41030,Polk,12/1/2025,"2,011.20",572,363,"48,350",Pink
40830,18th,12/1/2025,"1,139",850.8,559.2,"31,258",Pink
40210,Damen-Cermak,12/1/2025,969.5,644.8,423.4,"26,025",Pink
40740,Western-Cermak,12/1/2025,743.8,522.3,340,"20,153",Pink
40440,California-Cermak,12/1/2025,881.9,577.8,416,"23,793",Pink
41040,Kedzie-Cermak,12/1/2025,650.2,474.3,310.4,"17,754",Pink
40780,Central Park,12/1/2025,650,427,296.6,"17,490",Pink
40150,Pulaski-Cermak,12/1/2025,616.5,399.3,291.4,"16,617",Pink
40600,Kostner,12/1/2025,254.4,145.5,148.4,"6,920",Pink
40420,Cicero-Cermak,12/1/2025,675.8,500.5,324.2,"18,491",Pink
40580,54th/Cermak,12/1/2025,"1,340.60",903.5,601.2,"36,114",Pink
40020,Harlem-Lake,12/1/2025,"1,838.40","1,293.50",825,"49,744",Green
41350,Oak Park-Lake,12/1/2025,702.3,440.3,257.8,"18,500",Green
40610,Ridgeland,12/1/2025,667.3,355.8,190.2,"17,055",Green
41260,Austin-Lake,12/1/2025,813.7,481,339.8,"21,525",Green
40280,Central-Lake,12/1/2025,"1,047.40",727,513.6,"28,518",Green
40700,Laramie,12/1/2025,513.5,360.3,226.8,"13,873",Green
40480,Cicero-Lake,12/1/2025,653.5,461.5,353.6,"17,992",Green
40030,Pulaski-Lake,12/1/2025,784.3,544.3,396.8,"21,415",Green
41670,Conservatory,12/1/2025,457.6,412.3,292.2,"13,178",Green
41070,Kedzie-Lake,12/1/2025,621.4,397.3,290.8,"16,713",Green
41360,California-Lake,12/1/2025,675.8,383,276.4,"17,781",Green
41710,Damen-Lake,12/1/2025,851.2,529.8,401,"22,851",Green
40170,Ashland-Lake,12/1/2025,"1,513.90",964,599,"40,157","Green, Pink"
41510,Morgan-Lake,12/1/2025,"3,263.50","2,863","1,843.20","92,466",Green
41160,Clinton-Lake,12/1/2025,"2,491.10","1,281",788.2,"63,869","Green, Pink"
41690,Cermak-McCormick Place,12/1/2025,"1,321.20","1,057.50",777,"37,181",Green
41120,35-Bronzeville-IIT,12/1/2025,932.6,560.8,345.4,"24,487",Green
40300,Indiana,12/1/2025,403.5,239,186.8,"10,768",Green
41270,43rd,12/1/2025,593.8,371.5,288.8,"15,994",Green
41080,47th-South Elevated,12/1/2025,639.2,425.8,278,"17,155",Green
40130,51st,12/1/2025,541,369.8,278.4,"14,774",Green
40510,Garfield-South Elevated,12/1/2025,699.2,463,339,"18,929",Green
41140,King Drive,12/1/2025,296.4,204.3,174.6,"8,210",Green
40720,East 63rd-Cottage Grove,12/1/2025,660.9,426,308.4,"17,785",Green
40940,Halsted/63rd,12/1/2025,321,203.8,151.2,"8,632",Green
40290,Ashland/63rd,12/1/2025,619.7,420,353.2,"17,080",Green
41290,Kimball,12/1/2025,"2,183","1,803.50","1,165.20","61,066",Brown
41180,Kedzie-Brown,12/1/2025,"1,142.90",961.3,606.2,"32,019",Brown
40870,Francisco,12/1/2025,817.1,589.5,335.2,"22,011",Brown
41010,Rockwell,12/1/2025,918.5,637.8,352.2,"24,519",Brown
41480,Western-Brown,12/1/2025,"1,658.50","1,406.30",801.2,"46,118",Brown
40090,Damen-Brown,12/1/2025,"1,381","1,041",590.6,"37,498",Brown
41500,Montrose-Brown,12/1/2025,"1,290.50","1,045.80",659,"35,870",Brown
41460,Irving Park-Brown,12/1/2025,"1,477.10","1,075.80",579.2,"39,695",Brown
41440,Addison-Brown,12/1/2025,"1,126.30",683.3,414.2,"29,583",Brown
41310,Paulina,12/1/2025,"1,457.60","1,032.30",560.4,"38,999",Brown
40360,Southport,12/1/2025,"1,857.70","1,775.80",957.2,"52,758",Brown
41210,Wellington,12/1/2025,"1,649",933.8,556.2,"42,794",Brown
40530,Diversey,12/1/2025,"2,943.70","1,932.50","1,067.80","77,830",Brown
40660,Armitage,12/1/2025,"2,592.20","1,987.80","1,023.60","70,098",Brown
40800,Sedgwick,12/1/2025,"2,145.20","1,613.80",864.2,"57,971",Brown
40710,Chicago/Franklin,12/1/2025,"3,579.50","2,321","1,288","94,472",Brown
40460,Merchandise Mart,12/1/2025,"3,712.30","1,826.50",902.4,"93,488","Brown, Purple"
40930,Midway Airport,12/1/2025,"4,301.90","2,639.30","1,761","114,003",Orange
40960,Pulaski-Orange,12/1/2025,"2,651.30","1,329.50",809.8,"67,695",Orange
41150,Kedzie-Midway,12/1/2025,"1,943","1,124.80",674.6,"50,619",Orange
40310,Western-Orange,12/1/2025,"2,143.20","1,181.50",767.8,"55,715",Orange
40120,35th/Archer,12/1/2025,"1,535.10",910.8,554.2,"40,187",Orange
41060,Ashland-Orange,12/1/2025,"1,001.80",607,348.4,"26,210",Orange
41130,Halsted-Orange,12/1/2025,"1,412",817,540.8,"37,037",Orange
40730,Washington/Wells,12/1/2025,"4,492","1,016.50",618.6,"105,982",Orange
40040,Quincy/Wells,12/1/2025,"4,259.40","1,380.50",910.2,"103,779",Orange
40160,LaSalle/Van Buren,12/1/2025,"1,639.60",464,288.2,"39,368",Orange
40850,Library,12/1/2025,"1,750.60","1,105.30",681,"46,339","Orange, Brown, Pink, Purple"
40680,Adams/Wabash,12/1/2025,"3,321.30","1,929.30","1,216","86,865",Orange
41700,Washington/Wabash,12/1/2025,"6,439.30","4,872.30","2,901.40","175,660","Orange, Brown, Purple, Pink"
40260,State/Lake,12/1/2025,"6,453.40","5,154.30","3,279.80","178,990",Orange
40380,Clark/Lake,12/1/2025,"8,645","4,636.30","3,092.20","224,195","Orange, Blue, Brown, Green, Purple, Pink"
40900,Howard,1/1/2026,"2,895.20","1,954.40","1,652.80","78,836","Red, Purple, Yellow"
41190,Jarvis,1/1/2026,917,747.6,633.2,"26,162",Red
40100,Morse,1/1/2026,"2,329.10","1,840.60","1,586.80","66,049",Red
41300,Loyola,1/1/2026,"2,934.50","2,271","1,659.40","81,277",Red
40760,Granville,1/1/2026,"2,093.30","1,718","1,358.60","59,342",Red
40880,Thorndale,1/1/2026,"1,482.10","1,160.60",929.2,"41,574",Red
41380,Bryn Mawr,1/1/2026,"2,215.20","1,770.80","1,481","62,779",Red
40340,Berwyn,1/1/2026,"1,552.20","1,205.80",999.4,"43,623",Red
41200,Argyle,1/1/2026,"1,632.40","1,502.40","1,217","47,877",Red
40770,Lawrence,1/1/2026,"1,596.80","1,395.20","1,341","47,214",Red
40540,Wilson,1/1/2026,"4,002.90","2,743.40","2,117.40","108,364","Red, Purple"
40080,Sheridan,1/1/2026,"2,355.30","1,779.80","1,425.40","65,488",Red
41420,Addison-North Main,1/1/2026,"3,588","3,160.60","3,052","106,412",Red
41320,Belmont-North Main,1/1/2026,"6,562.80","5,082.40","4,278.80","184,625","Red, Purple, Brown"
41220,Fullerton,1/1/2026,"8,445.50","4,721","3,992","220,920","Red, Purple, Brown"
40650,North/Clybourn,1/1/2026,"2,841.60","2,581.40","2,146.60","83,313",Red
40630,Clark/Division,1/1/2026,"4,489.30","3,600.60","2,975","127,153",Red
41450,Chicago/State,1/1/2026,"6,668","5,244.20","4,426.80","188,384",Red
40330,Grand/State,1/1/2026,"4,711.50","5,142.80","4,888.60","149,099",Red
41660,Lake/State,1/1/2026,"8,659.60","6,158.20","4,920.20","237,243",Red
41090,Monroe/State,1/1/2026,"3,617.50","1,890.60","1,440","92,620",Red
40560,Jackson/State,1/1/2026,"4,318.70","1,744.80","1,613","107,482",Red
41490,Harrison,1/1/2026,"1,878","1,621.20","1,384","54,463",Red
41400,Roosevelt,1/1/2026,"5,484.10","5,048.80","5,129.80","166,060","Red, Orange, Green"
41000,Cermak-Chinatown,1/1/2026,"2,942.30","3,951.60","3,249","97,791",Red
40190,Sox-35th-Dan Ryan,1/1/2026,"2,045.20","1,252.60","1,038.20","54,404",Red
41230,47th-Dan Ryan,1/1/2026,"1,595.30","1,107.60",905.8,"43,569",Red
41170,Garfield-Dan Ryan,1/1/2026,"1,782.30","1,361.80","1,095.20","49,714",Red
40910,63rd-Dan Ryan,1/1/2026,"1,357",895,862.6,"37,285",Red
40990,69th,1/1/2026,"2,317.40","1,681.20","1,434.60","64,244",Red
40240,79th,1/1/2026,"3,203.50","2,215.40","1,917.20","87,936",Red
41430,87th,1/1/2026,"1,753.70","1,107.40",980,"47,265",Red
40450,95th/Dan Ryan,1/1/2026,"4,951.20","3,091.20","2,729.60","133,080",Red
41050,Linden,1/1/2026,431.9,235.8,189.6,"11,197",Purple
41250,Central-Evanston,1/1/2026,441.2,252.8,192.2,"11,491",Purple
40400,Noyes,1/1/2026,531.4,344,225.8,"14,008",Purple
40520,Foster,1/1/2026,392.8,318.8,232,"11,003",Purple
40050,Davis,1/1/2026,"1,721.20","1,185.80",914.2,"46,645",Purple
40690,Dempster,1/1/2026,423.8,347.4,283.8,"12,056",Purple
40270,Main,1/1/2026,578.3,431.6,315.6,"15,881",Purple
40840,South Boulevard,1/1/2026,380.1,196.6,152.2,"9,726",Purple
40140,Dempster-Skokie,1/1/2026,689.3,376.6,286.8,"17,792",Yellow
41680,Oakton-Skokie,1/1/2026,421.9,197.2,141,"10,551",Yellow
40890,O'Hare Airport,1/1/2026,"6,744.80","6,256.40","6,646.60","206,155",Blue
40820,Rosemont,1/1/2026,"2,968.60","1,881.40","1,472","79,107",Blue
40230,Cumberland,1/1/2026,"1,840.30",916.4,765.6,"47,056",Blue
40750,Harlem-O'Hare,1/1/2026,"1,373.20",632.2,548,"34,738",Blue
41280,Jefferson Park,1/1/2026,"3,955.40","2,330","1,938","104,404",Blue
41330,Montrose-O'Hare,1/1/2026,"1,419.10",720.4,647.2,"36,640",Blue
40550,Irving Park-O'Hare,1/1/2026,"2,332.90","1,428","1,195.60","62,108",Blue
41240,Addison-O'Hare,1/1/2026,"1,545.60",748.2,600.6,"39,202",Blue
40060,Belmont-O'Hare,1/1/2026,"3,054.30","1,845.40","1,500.40","80,870",Blue
41020,Logan Square,1/1/2026,"4,113.40","2,769.20","2,139.80","110,926",Blue
40570,California/Milwaukee,1/1/2026,"2,963","1,895","1,595","79,672",Blue
40670,Western/Milwaukee,1/1/2026,"3,057.80","1,786.80","1,460.60","80,451",Blue
40590,Damen/Milwaukee,1/1/2026,"3,442.10","2,817.40","2,364.20","98,193",Blue
40320,Division/Milwaukee,1/1/2026,"3,574.50","2,314","1,829.40","95,781",Blue
41410,Chicago/Milwaukee,1/1/2026,"1,757.30","1,059.20",928.6,"46,842",Blue
40490,Grand/Milwaukee,1/1/2026,"2,270.40","1,558","1,389.40","62,416",Blue
40370,Washington/Dearborn,1/1/2026,"6,823.50","3,865.60","3,237.80","178,810",Blue
40790,Monroe/Dearborn,1/1/2026,"3,343.60",890.4,781.4,"78,574",Blue
40070,Jackson/Dearborn,1/1/2026,"3,621.60","1,719.40","1,626.40","92,782",Blue
41340,LaSalle,1/1/2026,"1,589.30",738.4,574.8,"39,941",Blue
40430,Clinton-Forest Park,1/1/2026,"2,065.80",773.6,687.4,"50,687",Blue
40350,UIC-Halsted,1/1/2026,"3,672.40","1,080.40",904,"87,043",Blue
40470,Racine,1/1/2026,662.2,266.8,253.8,"16,509",Blue
40810,Medical Center,1/1/2026,"1,318.40",536.8,411,"32,426",Blue
40220,Western-Forest Park,1/1/2026,492,296,282.4,"13,223",Blue
40250,Kedzie-Homan-Forest Park,1/1/2026,706.9,459.2,428.8,"19,284",Blue
40920,Pulaski-Forest Park,1/1/2026,517.1,354,391.6,"14,587",Blue
40970,Cicero-Forest Park,1/1/2026,462.8,274.6,243,"12,306",Blue
40010,Austin-Forest Park,1/1/2026,589.4,240.8,211,"14,636",Blue
40180,Oak Park-Forest Park,1/1/2026,540.9,179.6,169.8,"13,105",Blue
40980,Harlem-Forest Park,1/1/2026,305.6,173.8,142.8,"8,001",Blue
40390,Forest Park,1/1/2026,955,447.6,417.2,"24,379",Blue
41030,Polk,1/1/2026,"2,137.30",501.2,344,"49,110",Pink
40830,18th,1/1/2026,807.4,658,428.2,"22,386",Pink
40210,Damen-Cermak,1/1/2026,964,558,438.6,"25,226",Pink
40740,Western-Cermak,1/1/2026,721.7,453.2,362.2,"19,233",Pink
40440,California-Cermak,1/1/2026,861,539.8,401,"22,785",Pink
41040,Kedzie-Cermak,1/1/2026,634.3,390.6,310.6,"16,826",Pink
40780,Central Park,1/1/2026,627,373.4,301,"16,540",Pink
40150,Pulaski-Cermak,1/1/2026,592.8,352.8,293.8,"15,682",Pink
40600,Kostner,1/1/2026,240.1,126.4,158.6,"6,467",Pink
40420,Cicero-Cermak,1/1/2026,615.8,442.8,356.4,"16,928",Pink
40580,54th/Cermak,1/1/2026,"1,319.30",835.4,651.6,"35,141",Pink
40020,Harlem-Lake,1/1/2026,"1,756.40","1,087.60",800.4,"46,324",Green
41350,Oak Park-Lake,1/1/2026,678.3,372,282,"17,514",Green
40610,Ridgeland,1/1/2026,689.2,263.2,199.8,"16,788",Green
41260,Austin-Lake,1/1/2026,776.1,453.4,316.2,"20,147",Green
40280,Central-Lake,1/1/2026,"1,020.90",642.4,483,"27,066",Green
40700,Laramie,1/1/2026,504,309.8,236.2,"13,314",Green
40480,Cicero-Lake,1/1/2026,639.2,385,364.4,"17,171",Green
40030,Pulaski-Lake,1/1/2026,737,474.4,391.8,"19,809",Green
41670,Conservatory,1/1/2026,433.8,371,326,"12,594",Green
41070,Kedzie-Lake,1/1/2026,599.5,358.2,297.6,"15,869",Green
41360,California-Lake,1/1/2026,645.8,314,263,"16,446",Green
41710,Damen-Lake,1/1/2026,864.3,620.4,512.4,"23,815",Green
40170,Ashland-Lake,1/1/2026,"1,520.50",833.6,617.2,"39,184","Green, Pink"
41510,Morgan-Lake,1/1/2026,"3,169.10","2,253.60","1,678.20","86,211",Green
41160,Clinton-Lake,1/1/2026,"2,574.70",977.4,769.4,"62,803","Green, Pink"
41690,Cermak-McCormick Place,1/1/2026,"1,114.80",913.2,724.4,"31,599",Green
41120,35-Bronzeville-IIT,1/1/2026,992.2,522,392.4,"25,409",Green
40300,Indiana,1/1/2026,387.5,222.2,180.2,"10,149",Green
41270,43rd,1/1/2026,556.9,301.2,280.8,"14,605",Green
41080,47th-South Elevated,1/1/2026,600,382.6,308.6,"16,056",Green
40130,51st,1/1/2026,534.4,313.8,277,"14,177",Green
40510,Garfield-South Elevated,1/1/2026,690,422,343.2,"18,315",Green
41140,King Drive,1/1/2026,284.5,186.2,166.2,"7,736",Green
40720,East 63rd-Cottage Grove,1/1/2026,638.1,385.2,341,"17,032",Green
40940,Halsted/63rd,1/1/2026,322,172.8,139.6,"8,324",Green
40290,Ashland/63rd,1/1/2026,599,371.4,349.4,"16,183",Green
41290,Kimball,1/1/2026,"2,121.50","1,469","1,233","58,062",Brown
41180,Kedzie-Brown,1/1/2026,"1,170.80",849.6,661.8,"32,143",Brown
40870,Francisco,1/1/2026,805.2,465.2,354.2,"21,006",Brown
41010,Rockwell,1/1/2026,948.8,530.2,385.6,"24,504",Brown
41480,Western-Brown,1/1/2026,"1,619.50","1,134.40",844.6,"43,904",Brown
40090,Damen-Brown,1/1/2026,"1,430",857.6,642.4,"37,531",Brown
41500,Montrose-Brown,1/1/2026,"1,333.90",894,674.4,"35,854",Brown
41460,Irving Park-Brown,1/1/2026,"1,554.30",898.8,712.8,"40,699",Brown
41440,Addison-Brown,1/1/2026,"1,209.90",642.2,531.2,"31,274",Brown
41310,Paulina,1/1/2026,"1,566.20",990.8,710.4,"41,396",Brown
40360,Southport,1/1/2026,"1,922","1,503.80","1,108.60","53,423",Brown
41210,Wellington,1/1/2026,"1,872.60",922.4,681,"47,342",Brown
40530,Diversey,1/1/2026,"3,232.40","1,816","1,336","83,640",Brown
40660,Armitage,1/1/2026,"2,752.40","1,777.20","1,272.80","73,051",Brown
40800,Sedgwick,1/1/2026,"2,216.60","1,300.20","1,051.60","58,308",Brown
40710,Chicago/Franklin,1/1/2026,"3,625","1,999","1,454.80","93,394",Brown
40460,Merchandise Mart,1/1/2026,"4,272.20","1,288.80",897.6,"100,648","Brown, Purple"
40930,Midway Airport,1/1/2026,"3,967.70","1,978","1,675","101,586",Orange
40960,Pulaski-Orange,1/1/2026,"2,694.90","1,040.40",818,"65,885",Orange
41150,Kedzie-Midway,1/1/2026,"1,870.10",955.4,714.6,"47,623",Orange
40310,Western-Orange,1/1/2026,"2,085",986,753.8,"52,484",Orange
40120,35th/Archer,1/1/2026,"1,487.80",703.8,512.4,"37,325",Orange
41060,Ashland-Orange,1/1/2026,994.6,502.4,367.4,"25,236",Orange
41130,Halsted-Orange,1/1/2026,"1,469.20",695.6,547.2,"37,068",Orange
40730,Washington/Wells,1/1/2026,"5,199.10",761,575,"115,861",Orange
40040,Quincy/Wells,1/1/2026,"4,823",912.2,806.2,"109,875",Orange
40160,LaSalle/Van Buren,1/1/2026,"1,884.70",441.2,319.4,"43,381",Orange
40850,Library,1/1/2026,"2,196.60","1,123",886.8,"56,177","Orange, Brown, Pink, Purple"
40680,Adams/Wabash,1/1/2026,"4,039.70","1,735","1,441.80","100,717",Orange
41700,Washington/Wabash,1/1/2026,"8,002.80","4,444.60","3,334.80","206,956","Orange, Brown, Purple, Pink"
40260,State/Lake,1/1/2026,237.5,928.4,"1,269.40","15,976",Orange
40380,Clark/Lake,1/1/2026,"10,682.30","4,284.60","3,391.60","262,710","Orange, Blue, Brown, Green, Purple, Pink"
40900,Howard,2/1/2026,"3,202.10","2,286.30","1,792.50","80,357","Red, Purple, Yellow"
41190,Jarvis,2/1/2026,"1,014.80",883.8,695.3,"26,611",Red
40100,Morse,2/1/2026,"2,622.60","2,151","1,677","67,764",Red
41300,Loyola,2/1/2026,"3,490.20","2,843.80","2,028.30","89,291",Red
40760,Granville,2/1/2026,"2,448.60","2,279.80","1,685","64,831",Red
40880,Thorndale,2/1/2026,"1,627.90","1,357.30","1,003","41,999",Red
41380,Bryn Mawr,2/1/2026,"2,484","2,047.50","1,609.50","64,308",Red
40340,Berwyn,2/1/2026,"1,709.20","1,456.30","1,122.50","44,499",Red
41200,Argyle,2/1/2026,"1,845.30","2,233.50","1,379.30","51,356",Red
40770,Lawrence,2/1/2026,"1,709.80","1,720.80","1,177.50","45,789",Red
40540,Wilson,2/1/2026,"4,546.90","3,206.80","2,418.50","113,438","Red, Purple"
40080,Sheridan,2/1/2026,"2,620.10","2,072.30","1,490.80","66,654",Red
41420,Addison-North Main,2/1/2026,"3,985.30","3,697.50","2,717.50","105,365",Red
41320,Belmont-North Main,2/1/2026,"7,082.20","5,936","4,387.30","182,936","Red, Purple, Brown"
41220,Fullerton,2/1/2026,"9,264","5,941","4,506.50","227,069","Red, Purple, Brown"
40650,North/Clybourn,2/1/2026,"3,031.70","2,972.30","2,307","81,751",Red
40630,Clark/Division,2/1/2026,"4,839.60","4,112.30","3,160","125,880",Red
41450,Chicago/State,2/1/2026,"7,331","6,226.80","4,689.30","190,284",Red
40330,Grand/State,2/1/2026,"5,024.50","6,241.80","4,431.30","143,182",Red
41660,Lake/State,2/1/2026,"9,249","7,421","5,186.50","235,409",Red
41090,Monroe/State,2/1/2026,"3,997.70","2,417.50","1,592","95,991",Red
40560,Jackson/State,2/1/2026,"4,735.80","2,081.80","1,559","109,279",Red
41490,Harrison,2/1/2026,"2,171.30","1,856.30","1,371.80","56,337",Red
41400,Roosevelt,2/1/2026,"6,269","5,701","4,035.30","164,324","Red, Orange, Green"
41000,Cermak-Chinatown,2/1/2026,"3,558.70","5,964.30","3,884","110,566",Red
40190,Sox-35th-Dan Ryan,2/1/2026,"2,421.40","1,539.30","1,211","59,429",Red
41230,47th-Dan Ryan,2/1/2026,"1,822.70","1,401.80","1,045.80","46,244",Red
41170,Garfield-Dan Ryan,2/1/2026,"1,997.70","1,658.50","1,169.30","51,264",Red
40910,63rd-Dan Ryan,2/1/2026,"1,530.30","1,091.50",995.5,"38,954",Red
40990,69th,2/1/2026,"2,525.20","1,904.50","1,467.50","63,991",Red
40240,79th,2/1/2026,"3,407.30","2,470.30","2,102.80","86,438",Red
41430,87th,2/1/2026,"1,908.80","1,293.80","1,046.30","47,536",Red
40450,95th/Dan Ryan,2/1/2026,"5,360.90","3,423.30","2,831","132,234",Red
41050,Linden,2/1/2026,460.2,238.5,184.8,"10,896",Purple
41250,Central-Evanston,2/1/2026,481.5,271.3,207.8,"11,545",Purple
40400,Noyes,2/1/2026,573.6,493.8,274.5,"14,545",Purple
40520,Foster,2/1/2026,435.1,440.3,275,"11,562",Purple
40050,Davis,2/1/2026,"1,907","1,496","1,037.80","48,274",Purple
40690,Dempster,2/1/2026,466.3,459.5,354,"12,580",Purple
40270,Main,2/1/2026,634.3,493.5,359.3,"16,097",Purple
40840,South Boulevard,2/1/2026,405,225.3,163,"9,653",Purple
40140,Dempster-Skokie,2/1/2026,760.2,419.5,322.8,"18,172",Yellow
41680,Oakton-Skokie,2/1/2026,476.2,211.8,193.8,"11,146",Yellow
40890,O'Hare Airport,2/1/2026,"7,135.60","6,095","6,711.80","193,939",Blue
40820,Rosemont,2/1/2026,"3,256","2,119.30","1,599.80","79,996",Blue
40230,Cumberland,2/1/2026,"2,058.10","1,019",765.8,"48,300",Blue
40750,Harlem-O'Hare,2/1/2026,"1,518.70",700.5,549,"35,371",Blue
41280,Jefferson Park,2/1/2026,"4,339.60","2,688.50","2,053","105,757",Blue
41330,Montrose-O'Hare,2/1/2026,"1,568.90",855.5,641.3,"37,364",Blue
40550,Irving Park-O'Hare,2/1/2026,"2,594.40","1,573.50","1,201.50","62,988",Blue
41240,Addison-O'Hare,2/1/2026,"1,779.10",868.5,671,"41,740",Blue
40060,Belmont-O'Hare,2/1/2026,"3,437","2,135","1,597.50","83,669",Blue
41020,Logan Square,2/1/2026,"4,563.80","3,186.50","2,230.80","112,944",Blue
40570,California/Milwaukee,2/1/2026,"3,282.50","2,257.50","1,573","80,972",Blue
40670,Western/Milwaukee,2/1/2026,"3,352.40","2,121.30","1,486.30","81,478",Blue
40590,Damen/Milwaukee,2/1/2026,"3,861.90","3,802","2,452","102,253",Blue
40320,Division/Milwaukee,2/1/2026,"3,924.80","2,714.50","1,858.80","96,789",Blue
41410,Chicago/Milwaukee,2/1/2026,"1,966.30","1,288.30",998.5,"48,472",Blue
40490,Grand/Milwaukee,2/1/2026,"2,444.90","1,772","1,403.30","61,598",Blue
40370,Washington/Dearborn,2/1/2026,"7,417.90","4,992.30","3,767.80","183,397",Blue
40790,Monroe/Dearborn,2/1/2026,"3,757.90","1,058.80",835,"82,732",Blue
40070,Jackson/Dearborn,2/1/2026,"4,244.30","2,096","1,448.30","99,063",Blue
41340,LaSalle,2/1/2026,"1,901.40",915.8,655.5,"44,313",Blue
40430,Clinton-Forest Park,2/1/2026,"2,121.10",840.3,747.5,"48,772",Blue
40350,UIC-Halsted,2/1/2026,"4,974.60","1,497","1,109","109,915",Blue
40470,Racine,2/1/2026,784.5,364.3,262,"18,194",Blue
40810,Medical Center,2/1/2026,"1,443.70",598.5,414,"32,923",Blue
40220,Western-Forest Park,2/1/2026,531.8,373,255.3,"13,149",Blue
40250,Kedzie-Homan-Forest Park,2/1/2026,752.2,510.8,428.8,"18,802",Blue
40920,Pulaski-Forest Park,2/1/2026,552.9,454.8,369.8,"14,356",Blue
40970,Cicero-Forest Park,2/1/2026,482,257.5,219.5,"11,547",Blue
40010,Austin-Forest Park,2/1/2026,661.7,270.8,211.8,"15,164",Blue
40180,Oak Park-Forest Park,2/1/2026,603.7,211.5,172.5,"13,610",Blue
40980,Harlem-Forest Park,2/1/2026,335.1,204.5,127.8,"8,030",Blue
40390,Forest Park,2/1/2026,"1,062.10",502.8,417.8,"24,924",Blue
41030,Polk,2/1/2026,"2,356.80",608.3,399.8,"51,168",Pink
40830,18th,2/1/2026,"1,236.10",946,703.5,"31,319",Pink
40210,Damen-Cermak,2/1/2026,"1,065.70",644.3,498,"25,883",Pink
40740,Western-Cermak,2/1/2026,786.9,524,370.5,"19,316",Pink
40440,California-Cermak,2/1/2026,924,618.5,481.8,"22,880",Pink
41040,Kedzie-Cermak,2/1/2026,704.9,432.8,347.5,"17,219",Pink
40780,Central Park,2/1/2026,705.7,412.5,309.8,"17,003",Pink
40150,Pulaski-Cermak,2/1/2026,642.2,397.5,310.5,"15,675",Pink
40600,Kostner,2/1/2026,253,127.5,130.3,"6,091",Pink
40420,Cicero-Cermak,2/1/2026,687.1,512,377.8,"17,301",Pink
40580,54th/Cermak,2/1/2026,"1,474.80",899.8,678,"35,807",Pink
40020,Harlem-Lake,2/1/2026,"2,021","1,333",885.5,"49,293",Green
41350,Oak Park-Lake,2/1/2026,715.3,410.8,266.3,"17,013",Green
40610,Ridgeland,2/1/2026,771.5,322.3,233,"17,651",Green
41260,Austin-Lake,2/1/2026,852.5,482.8,340.5,"20,343",Green
40280,Central-Lake,2/1/2026,"1,118.60",734.5,524.5,"27,408",Green
40700,Laramie,2/1/2026,551,344.5,267.3,"13,467",Green
40480,Cicero-Lake,2/1/2026,675.8,448.5,295,"16,490",Green
40030,Pulaski-Lake,2/1/2026,833,561,367.3,"20,373",Green
41670,Conservatory,2/1/2026,487.4,506.5,282.3,"12,902",Green
41070,Kedzie-Lake,2/1/2026,671.4,412,271,"16,160",Green
41360,California-Lake,2/1/2026,718.5,358.3,237.8,"16,753",Green
41710,Damen-Lake,2/1/2026,884.8,865.3,383.3,"22,689",Green
40170,Ashland-Lake,2/1/2026,"1,675.60","1,022.50",642.8,"40,172","Green, Pink"
41510,Morgan-Lake,2/1/2026,"3,392.20","2,753.30","1,913.50","86,510",Green
41160,Clinton-Lake,2/1/2026,"2,795.40","1,199.50",825.5,"64,007","Green, Pink"
41690,Cermak-McCormick Place,2/1/2026,"1,364.80","1,321.80",971.5,"36,469",Green
41120,35-Bronzeville-IIT,2/1/2026,"1,186.30",684,458.8,"28,297",Green
40300,Indiana,2/1/2026,431.7,268.5,188,"10,459",Green
41270,43rd,2/1/2026,619,339.8,300.8,"14,942",Green
41080,47th-South Elevated,2/1/2026,673.6,437,335.3,"16,560",Green
40130,51st,2/1/2026,571.5,372.3,281.5,"14,045",Green
40510,Garfield-South Elevated,2/1/2026,738.2,514.3,366,"18,285",Green
41140,King Drive,2/1/2026,296.2,218.3,177.5,"7,507",Green
40720,East 63rd-Cottage Grove,2/1/2026,709.5,515.3,363.5,"17,704",Green
40940,Halsted/63rd,2/1/2026,371.1,208.8,167.3,"8,926",Green
40290,Ashland/63rd,2/1/2026,648.7,423.8,384.5,"16,206",Green
41290,Kimball,2/1/2026,"2,300","1,710.30","1,316","58,104",Brown
41180,Kedzie-Brown,2/1/2026,"1,301.80",990.5,747.5,"32,988",Brown
40870,Francisco,2/1/2026,900.4,582.3,374.8,"21,836",Brown
41010,Rockwell,2/1/2026,"1,072",669.3,461.3,"25,962",Brown
41480,Western-Brown,2/1/2026,"1,665.60","1,227",816.8,"41,487",Brown
40090,Damen-Brown,2/1/2026,"1,574.90","1,079.30",740.5,"38,777",Brown
41500,Montrose-Brown,2/1/2026,"1,438.20","1,164",800.8,"36,622",Brown
41460,Irving Park-Brown,2/1/2026,"1,682.20","1,110.50",731.5,"41,011",Brown
41440,Addison-Brown,2/1/2026,"1,316.20",769.8,568,"31,675",Brown
41310,Paulina,2/1/2026,"1,668.40","1,121.80",721.5,"40,740",Brown
40360,Southport,2/1/2026,"2,080.50","1,842.30","1,187.50","53,729",Brown
41210,Wellington,2/1/2026,"2,010.30","1,085",677,"47,253",Brown
40530,Diversey,2/1/2026,"3,511","2,182.50","1,333.80","84,285",Brown
40660,Armitage,2/1/2026,"3,002.70","2,252.50","1,160.50","73,705",Brown
40800,Sedgwick,2/1/2026,"2,417.70","1,604",939.3,"58,526",Brown
40710,Chicago/Franklin,2/1/2026,"3,907.90","2,575.50","1,462.80","94,311",Brown
40460,Merchandise Mart,2/1/2026,"4,625.50","1,733.50",926.3,"103,148","Brown, Purple"
40930,Midway Airport,2/1/2026,"4,501.30","2,154.80","1,608.50","105,078",Orange
40960,Pulaski-Orange,2/1/2026,"3,134","1,296.50",911,"71,509",Orange
41150,Kedzie-Midway,2/1/2026,"2,192","1,140",787.3,"51,549",Orange
40310,Western-Orange,2/1/2026,"2,411.50","1,160.80",816.8,"56,140",Orange
40120,35th/Archer,2/1/2026,"1,686.40",851.3,573.8,"39,427",Orange
41060,Ashland-Orange,2/1/2026,"1,132",617.5,421,"26,793",Orange
41130,Halsted-Orange,2/1/2026,"1,771.50",823.3,614.3,"41,180",Orange
40730,Washington/Wells,2/1/2026,"5,481.90","1,001",648.5,"116,235",Orange
40040,Quincy/Wells,2/1/2026,"5,086.30","1,181.30",797,"109,639",Orange
40160,LaSalle/Van Buren,2/1/2026,"1,973.60",531.3,334.5,"42,934",Orange
40850,Library,2/1/2026,"2,596.70","1,483.30",960.3,"61,707","Orange, Brown, Pink, Purple"
40680,Adams/Wabash,2/1/2026,"4,844.30","2,293.80","1,444.50","111,838",Orange
41700,Washington/Wabash,2/1/2026,"9,093.80","5,931.50","4,125.30","222,102","Orange, Brown, Purple, Pink"
40260,State/Lake,2/1/2026,0,0,0,0,Orange
40380,Clark/Lake,2/1/2026,"11,423.50","5,392.30","3,953.50","265,853","Orange, Blue, Brown, Green, Purple, Pink"
40900,Howard,3/1/2026,"3,228.50","2,707.30","1,957.60","91,645","Red, Purple, Yellow"
41190,Jarvis,3/1/2026,994,"1,018.80",712,"29,502",Red
40100,Morse,3/1/2026,"2,574.50","2,411.50","1,707.80","74,823",Red
41300,Loyola,3/1/2026,"3,284.50","3,660.80","2,007.80","96,942",Red
40760,Granville,3/1/2026,"2,373.80","2,692.80","1,603.80","71,014",Red
40880,Thorndale,3/1/2026,"1,581.60","1,427.30","1,006.80","45,539",Red
41380,Bryn Mawr,3/1/2026,"2,459.10","2,280","1,689.60","71,668",Red
40340,Berwyn,3/1/2026,"1,712.20","1,704.80","1,167","50,323",Red
41200,Argyle,3/1/2026,"1,866.90","2,093.50","1,387.80","56,385",Red
40770,Lawrence,3/1/2026,"1,898.50","2,011.30","1,399.20","56,809",Red
40540,Wilson,3/1/2026,"4,412.30","3,588","2,431.20","123,578","Red, Purple"
40080,Sheridan,3/1/2026,"2,592.60","2,821.30","1,669.80","76,671",Red
41420,Addison-North Main,3/1/2026,"4,822.30","8,206.30","3,925.80","158,545",Red
41320,Belmont-North Main,3/1/2026,"7,154.60","8,837.80","4,899.60","217,250","Red, Purple, Brown"
41220,Fullerton,3/1/2026,"8,094.50","7,883.30","4,475","231,986","Red, Purple, Brown"
40650,North/Clybourn,3/1/2026,"3,057","2,868.50","1,788.60","87,671",Red
40630,Clark/Division,3/1/2026,"4,840.70","5,300","2,867.60","142,034",Red
41450,Chicago/State,3/1/2026,"7,422.60","6,417","4,097.80","209,455",Red
40330,Grand/State,3/1/2026,"5,872.90","10,817.30","4,693.40","195,940",Red
41660,Lake/State,3/1/2026,"9,679.90","10,626","4,813.20","279,527",Red
41090,Monroe/State,3/1/2026,"4,091.80","3,014","1,579.80","109,975",Red
40560,Jackson/State,3/1/2026,"4,379.60","3,411.80","1,917.80","119,588",Red
41490,Harrison,3/1/2026,"2,079.70","2,269","1,432.80","61,994",Red
41400,Roosevelt,3/1/2026,"6,711.50","7,449.30","4,772.60","201,314","Red, Orange, Green"
41000,Cermak-Chinatown,3/1/2026,"4,175","7,110","5,585.60","148,218",Red
40190,Sox-35th-Dan Ryan,3/1/2026,"2,412.20","1,897","1,293.40","67,124",Red
41230,47th-Dan Ryan,3/1/2026,"1,831.80","1,510.80","1,092.60","51,805",Red
41170,Garfield-Dan Ryan,3/1/2026,"2,090.40","1,822.50","1,291","59,733",Red
40910,63rd-Dan Ryan,3/1/2026,"1,605.30","1,178","1,043.20","45,245",Red
40990,69th,3/1/2026,"2,695.50","2,148.30","1,545","75,619",Red
40240,79th,3/1/2026,"3,293","2,579.80","1,977","92,651",Red
41430,87th,3/1/2026,"1,886.90","1,367.50","1,079.80","52,380",Red
40450,95th/Dan Ryan,3/1/2026,"5,379.10","3,682","2,910.60","147,621",Red
41050,Linden,3/1/2026,505.6,446.5,235.6,"14,087",Purple
41250,Central-Evanston,3/1/2026,497.3,287.3,204.4,"13,111",Purple
40400,Noyes,3/1/2026,525.1,539.5,283.4,"15,128",Purple
40520,Foster,3/1/2026,400.5,505.8,236.4,"12,016",Purple
40050,Davis,3/1/2026,"1,905.80","1,450.50","1,046","52,959",Purple
40690,Dempster,3/1/2026,472,486.5,335,"14,004",Purple
40270,Main,3/1/2026,632.7,621.5,354.6,"18,178",Purple
40840,South Boulevard,3/1/2026,398.6,290.8,200,"10,933",Purple
40140,Dempster-Skokie,3/1/2026,788.8,486,292.8,"20,762",Yellow
41680,Oakton-Skokie,3/1/2026,468.5,177,142.2,"11,727",Yellow
40890,O'Hare Airport,3/1/2026,"8,540.10","8,141.50","7,905.60","259,976",Blue
40820,Rosemont,3/1/2026,"3,418.50","3,077.50","1,940.60","97,220",Blue
40230,Cumberland,3/1/2026,"2,148.40","1,708.50",914,"58,669",Blue
40750,Harlem-O'Hare,3/1/2026,"1,495.90","1,123.80",626.8,"40,539",Blue
41280,Jefferson Park,3/1/2026,"4,283.50","3,240","2,196.80","118,180",Blue
41330,Montrose-O'Hare,3/1/2026,"1,554.90","1,089",677.4,"41,950",Blue
40550,Irving Park-O'Hare,3/1/2026,"2,610.30","2,082.30","1,329.40","72,403",Blue
41240,Addison-O'Hare,3/1/2026,"1,756.70","1,234",752,"47,344",Blue
40060,Belmont-O'Hare,3/1/2026,"3,482.40","2,633.80","1,714.80","95,721",Blue
41020,Logan Square,3/1/2026,"4,674.70","4,094.50","2,435.60","131,400",Blue
40570,California/Milwaukee,3/1/2026,"3,287.60","3,160.50","1,717.80","93,558",Blue
40670,Western/Milwaukee,3/1/2026,"3,304.90","2,860.80","1,667.60","92,489",Blue
40590,Damen/Milwaukee,3/1/2026,"4,120.30","4,973","2,840.20","124,739",Blue
40320,Division/Milwaukee,3/1/2026,"3,961.90","3,721","2,076.60","112,429",Blue
41410,Chicago/Milwaukee,3/1/2026,"1,969","1,737.30","1,065.40","55,593",Blue
40490,Grand/Milwaukee,3/1/2026,"2,541","2,637.50","1,622.20","74,563",Blue
40370,Washington/Dearborn,3/1/2026,"7,910","7,236.80","4,117.40","223,555",Blue
40790,Monroe/Dearborn,3/1/2026,"3,782.40","1,742.80","1,086","95,614",Blue
40070,Jackson/Dearborn,3/1/2026,"4,224.10","3,279.30","2,103.80","116,567",Blue
41340,LaSalle,3/1/2026,"1,782.90","1,179.80",806.4,"47,975",Blue
40430,Clinton-Forest Park,3/1/2026,"2,174","1,195.30",905.4,"57,135",Blue
40350,UIC-Halsted,3/1/2026,"4,115.60","1,869","1,165.40","103,847",Blue
40470,Racine,3/1/2026,700.8,513.5,288.4,"18,914",Blue
40810,Medical Center,3/1/2026,"1,448.20",659.3,519.8,"37,097",Blue
40220,Western-Forest Park,3/1/2026,532.6,465.5,292.8,"15,043",Blue
40250,Kedzie-Homan-Forest Park,3/1/2026,744,557.8,480.4,"21,000",Blue
40920,Pulaski-Forest Park,3/1/2026,557.8,473.8,373.4,"16,033",Blue
40970,Cicero-Forest Park,3/1/2026,519.8,349.5,254.4,"14,106",Blue
40010,Austin-Forest Park,3/1/2026,664.7,354.3,235.8,"17,220",Blue
40180,Oak Park-Forest Park,3/1/2026,597.6,369,195.2,"15,600",Blue
40980,Harlem-Forest Park,3/1/2026,340.9,251,142.4,"9,215",Blue
40390,Forest Park,3/1/2026,"1,064.90",717.3,477.2,"28,682",Blue
41030,Polk,3/1/2026,"2,263.60",812.5,435.8,"55,229",Pink
40830,18th,3/1/2026,"1,305.10","1,265.80",805.8,"37,804",Pink
40210,Damen-Cermak,3/1/2026,"1,162.80",925.8,606.8,"32,319",Pink
40740,Western-Cermak,3/1/2026,808.8,635.8,383,"22,251",Pink
40440,California-Cermak,3/1/2026,930,701.5,488,"25,707",Pink
41040,Kedzie-Cermak,3/1/2026,718.3,523,378.6,"19,788",Pink
40780,Central Park,3/1/2026,716,497.5,354,"19,513",Pink
40150,Pulaski-Cermak,3/1/2026,660,448,326.4,"17,943",Pink
40600,Kostner,3/1/2026,258.5,160,142.6,"7,040",Pink
40420,Cicero-Cermak,3/1/2026,706.5,616,435,"20,181",Pink
40580,54th/Cermak,3/1/2026,"1,501","1,270.50",805.8,"42,132",Pink
40020,Harlem-Lake,3/1/2026,"2,040.60","1,785.50","1,037.20","57,221",Green
41350,Oak Park-Lake,3/1/2026,723.2,626.5,332.2,"20,078",Green
40610,Ridgeland,3/1/2026,777.2,578.3,254,"20,682",Green
41260,Austin-Lake,3/1/2026,843,570,356.2,"22,606",Green
40280,Central-Lake,3/1/2026,"1,098",769.3,554,"30,002",Green
40700,Laramie,3/1/2026,553.7,385,272.8,"15,086",Green
40480,Cicero-Lake,3/1/2026,676.8,485.8,366.6,"18,666",Green
40030,Pulaski-Lake,3/1/2026,783.4,606.5,438.8,"21,855",Green
41670,Conservatory,3/1/2026,504.2,573.3,407,"15,421",Green
41070,Kedzie-Lake,3/1/2026,677,476,348.4,"18,541",Green
41360,California-Lake,3/1/2026,713.8,444.5,327.2,"19,118",Green
41710,Damen-Lake,3/1/2026,"1,064.20",822.8,701.2,"30,210",Green
40170,Ashland-Lake,3/1/2026,"1,754.20","1,446.80",825,"48,505","Green, Pink"
41510,Morgan-Lake,3/1/2026,"3,720.50","4,320.80","2,287.20","110,570",Green
41160,Clinton-Lake,3/1/2026,"2,790.40","1,715.50",945,"72,975","Green, Pink"
41690,Cermak-McCormick Place,3/1/2026,"1,400.30","1,823.50","1,126","43,731",Green
41120,35-Bronzeville-IIT,3/1/2026,"1,106.50",817.8,481,"30,018",Green
40300,Indiana,3/1/2026,434.7,335,247,"12,138",Green
41270,43rd,3/1/2026,617.7,423.3,327.2,"16,919",Green
41080,47th-South Elevated,3/1/2026,665,500.3,345.2,"18,357",Green
40130,51st,3/1/2026,578.6,452.3,311.6,"16,096",Green
40510,Garfield-South Elevated,3/1/2026,763.7,608.3,457.8,"21,523",Green
41140,King Drive,3/1/2026,306.3,239.3,204.4,"8,718",Green
40720,East 63rd-Cottage Grove,3/1/2026,702.3,556.5,393.4,"19,643",Green
40940,Halsted/63rd,3/1/2026,360.2,240.8,174.6,"9,761",Green
40290,Ashland/63rd,3/1/2026,676,444.3,361.2,"18,455",Green
41290,Kimball,3/1/2026,"2,322.40","2,023.50","1,383.80","66,105",Brown
41180,Kedzie-Brown,3/1/2026,"1,299.20","1,189",799.2,"37,335",Brown
40870,Francisco,3/1/2026,893,745.5,430.6,"24,781",Brown
41010,Rockwell,3/1/2026,"1,011.50",841.8,457,"27,906",Brown
41480,Western-Brown,3/1/2026,"1,704","1,677",963.6,"49,015",Brown
40090,Damen-Brown,3/1/2026,"1,551.50","1,460",816.4,"44,055",Brown
41500,Montrose-Brown,3/1/2026,"1,447.20","1,440.80",817.8,"41,690",Brown
41460,Irving Park-Brown,3/1/2026,"1,658.30","1,561",793.2,"46,693",Brown
41440,Addison-Brown,3/1/2026,"1,259.70","1,073.30",599,"35,002",Brown
41310,Paulina,3/1/2026,"1,685.60","1,653.50",794,"47,667",Brown
40360,Southport,3/1/2026,"2,113.20","2,536.50","1,383.80","63,556",Brown
41210,Wellington,3/1/2026,"2,010.90","1,596.50",754.4,"54,398",Brown
40530,Diversey,3/1/2026,"3,514.30","3,122","1,476.80","97,187",Brown
40660,Armitage,3/1/2026,"2,997.40","3,267.50","1,657.40","87,300",Brown
40800,Sedgwick,3/1/2026,"2,490.10","2,992.80","1,407.40","73,791",Brown
40710,Chicago/Franklin,3/1/2026,"4,078.20","4,616","2,200.40","119,186",Brown
40460,Merchandise Mart,3/1/2026,"5,003.90","3,475.50","1,430","131,137","Brown, Purple"
40930,Midway Airport,3/1/2026,"4,756.80","3,178","1,975.80","127,240",Orange
40960,Pulaski-Orange,3/1/2026,"3,036.50","1,674.30","1,022.80","78,614",Orange
41150,Kedzie-Midway,3/1/2026,"2,172.10","1,349.50",888.6,"57,628",Orange
40310,Western-Orange,3/1/2026,"2,394.50","1,414.30",943,"63,050",Orange
40120,35th/Archer,3/1/2026,"1,735","1,128.80",693.4,"46,153",Orange
41060,Ashland-Orange,3/1/2026,"1,143.70",725,469.8,"30,410",Orange
41130,Halsted-Orange,3/1/2026,"1,687.80","1,035.50",725.8,"44,903",Orange
40730,Washington/Wells,3/1/2026,"5,582.40","1,607.80",835,"133,419",Orange
40040,Quincy/Wells,3/1/2026,"5,297.70","1,685.30","1,046.60","128,524",Orange
40160,LaSalle/Van Buren,3/1/2026,"2,026.40",838.8,444.2,"50,156",Orange
40850,Library,3/1/2026,"2,540.50","2,325.30","1,458","72,482","Orange, Brown, Pink, Purple"
40680,Adams/Wabash,3/1/2026,"4,710.30","4,548.50","2,582.60","134,734",Orange
41700,Washington/Wabash,3/1/2026,"9,637.60","10,323","5,442","280,530","Orange, Brown, Purple, Pink"
40260,State/Lake,3/1/2026,0,0,0,0,Orange
40380,Clark/Lake,3/1/2026,"12,192.30","12,722.80","5,143.80","344,840","Orange, Blue, Brown, Green, Purple, Pink"
40900,Howard,4/1/2026,"3,380.30","2,577.50","2,092.80","93,048","Red, Purple, Yellow"
41190,Jarvis,4/1/2026,"1,035.50",951,751.8,"29,593",Red
40100,Morse,4/1/2026,"2,747","2,359.80","1,810","77,112",Red
41300,Loyola,4/1/2026,"3,504.20","2,985.30","2,207","97,861",Red
40760,Granville,4/1/2026,"2,520.20","2,396.30","1,710.80","71,872",Red
40880,Thorndale,4/1/2026,"1,743.50","1,386","1,058.80","48,137",Red
41380,Bryn Mawr,4/1/2026,"2,676.50","2,280.80","1,789","75,162",Red
40340,Berwyn,4/1/2026,"1,853.80","1,697.80","1,291","52,739",Red
41200,Argyle,4/1/2026,"1,982","2,067.50","1,591.30","58,239",Red
40770,Lawrence,4/1/2026,"2,103.90","1,883.80","1,403.30","59,433",Red
40540,Wilson,4/1/2026,"4,815.40","3,511.30","2,683.50","130,717","Red, Purple"
40080,Sheridan,4/1/2026,"2,778","2,369","1,650.50","77,195",Red
41420,Addison-North Main,4/1/2026,"6,012.60","7,756.30","5,832.80","186,634",Red
41320,Belmont-North Main,4/1/2026,"7,603.70","7,158.80","5,212.30","216,766","Red, Purple, Brown"
41220,Fullerton,4/1/2026,"9,693.70","6,715","4,812","259,369","Red, Purple, Brown"
40650,North/Clybourn,4/1/2026,"3,333.70","3,445.80","2,483.80","97,060",Red
40630,Clark/Division,4/1/2026,"5,079.60","4,891","3,320.50","144,598",Red
41450,Chicago/State,4/1/2026,"7,798.50","7,309.80","5,114.50","221,265",Red
40330,Grand/State,4/1/2026,"6,289","8,233.50","5,558.30","193,525",Red
41660,Lake/State,4/1/2026,"10,160.60","8,635","5,991.50","282,039",Red
41090,Monroe/State,4/1/2026,"4,219.50","2,904.30","1,902.50","112,056",Red
40560,Jackson/State,4/1/2026,"5,060.60","2,812.50","1,873.80","130,078",Red
41490,Harrison,4/1/2026,"2,280.10","2,246.50","1,582.30","65,477",Red
41400,Roosevelt,4/1/2026,"6,911.60","6,500.30","4,564.80","196,315","Red, Orange, Green"
41000,Cermak-Chinatown,4/1/2026,"4,282","6,978.50","5,108.80","142,552",Red
40190,Sox-35th-Dan Ryan,4/1/2026,"3,617.20","4,339.30","2,871.80","108,423",Red
41230,47th-Dan Ryan,4/1/2026,"1,965.70","1,644","1,283.30","54,954",Red
41170,Garfield-Dan Ryan,4/1/2026,"2,294.80","1,934.50","1,467.80","64,095",Red
40910,63rd-Dan Ryan,4/1/2026,"1,863.70","1,344","1,256","51,401",Red
40990,69th,4/1/2026,"2,883.50","2,142","1,722.50","78,895",Red
40240,79th,4/1/2026,"3,634.90","2,636.80","2,295","99,695",Red
41430,87th,4/1/2026,"2,070.60","1,509.80","1,189","56,349",Red
40450,95th/Dan Ryan,4/1/2026,"6,035.70","4,152.50","3,437.50","163,146",Red
41050,Linden,4/1/2026,554.3,371,334,"15,015",Purple
41250,Central-Evanston,4/1/2026,503.6,282.8,235,"13,151",Purple
40400,Noyes,4/1/2026,617.1,553.5,307.5,"17,021",Purple
40520,Foster,4/1/2026,492.5,526.3,330.8,"14,263",Purple
40050,Davis,4/1/2026,"2,062.10","1,706.50","1,229.30","57,110",Purple
40690,Dempster,4/1/2026,493.2,473.3,375.8,"14,247",Purple
40270,Main,4/1/2026,666.7,572.5,388.5,"18,512",Purple
40840,South Boulevard,4/1/2026,434.1,258.8,211.5,"11,431",Purple
40140,Dempster-Skokie,4/1/2026,898.8,554.8,466.3,"23,858",Yellow
41680,Oakton-Skokie,4/1/2026,505,212.8,159.8,"12,599",Yellow
40890,O'Hare Airport,4/1/2026,"9,200","7,596","8,726.80","267,691",Blue
40820,Rosemont,4/1/2026,"3,743","2,882.80","2,204","102,693",Blue
40230,Cumberland,4/1/2026,"2,348.40","1,291",969.5,"60,707",Blue
40750,Harlem-O'Hare,4/1/2026,"1,647.10",865.3,678.8,"42,412",Blue
41280,Jefferson Park,4/1/2026,"4,606.90","2,990.50","2,320.50","122,595",Blue
41330,Montrose-O'Hare,4/1/2026,"1,670.30",934.3,755.5,"43,506",Blue
40550,Irving Park-O'Hare,4/1/2026,"2,797.70","1,768.30","1,394.30","74,200",Blue
41240,Addison-O'Hare,4/1/2026,"1,944","1,048",825.5,"50,263",Blue
40060,Belmont-O'Hare,4/1/2026,"3,652","2,312.80","1,738.50","96,549",Blue
41020,Logan Square,4/1/2026,"4,919.70","3,681.80","2,548.50","133,154",Blue
40570,California/Milwaukee,4/1/2026,"3,484.70","2,619.30","1,788.50","94,295",Blue
40670,Western/Milwaukee,4/1/2026,"3,549.40","2,452.50","1,727.50","94,806",Blue
40590,Damen/Milwaukee,4/1/2026,"4,250.10","4,217.30","2,831.30","121,696",Blue
40320,Division/Milwaukee,4/1/2026,"4,143.50","3,133","2,112","112,137",Blue
41410,Chicago/Milwaukee,4/1/2026,"2,044.80","1,420.80",997.3,"54,658",Blue
40490,Grand/Milwaukee,4/1/2026,"2,657.40","2,095.80","1,673.50","73,540",Blue
40370,Washington/Dearborn,4/1/2026,"8,226.20","5,700.30","4,475.80","221,680",Blue
40790,Monroe/Dearborn,4/1/2026,"3,902.20","1,305.50","1,142.30","95,640",Blue
40070,Jackson/Dearborn,4/1/2026,"4,537.90","2,506","1,961","117,702",Blue
41340,LaSalle,4/1/2026,"1,935.30",970.3,746,"49,442",Blue
40430,Clinton-Forest Park,4/1/2026,"2,221","1,009.50",914,"56,555",Blue
40350,UIC-Halsted,4/1/2026,"4,777","1,654","1,254.30","116,728",Blue
40470,Racine,4/1/2026,800.8,388.8,331,"20,497",Blue
40810,Medical Center,4/1/2026,"1,547.70",692.3,539.8,"38,977",Blue
40220,Western-Forest Park,4/1/2026,592.1,429,324.8,"16,041",Blue
40250,Kedzie-Homan-Forest Park,4/1/2026,813.4,603.8,549.8,"22,509",Blue
40920,Pulaski-Forest Park,4/1/2026,605.6,458.3,401,"16,761",Blue
40970,Cicero-Forest Park,4/1/2026,552.3,352.5,308.8,"14,796",Blue
40010,Austin-Forest Park,4/1/2026,725.7,298.8,253.8,"18,175",Blue
40180,Oak Park-Forest Park,4/1/2026,637.7,241.8,198.3,"15,790",Blue
40980,Harlem-Forest Park,4/1/2026,384.5,192.8,156.5,"9,856",Blue
40390,Forest Park,4/1/2026,"1,151.90",601.5,522.5,"29,838",Blue
41030,Polk,4/1/2026,"2,433",663,464.5,"58,035",Pink
40830,18th,4/1/2026,"1,379.60","1,180.50",812.5,"38,324",Pink
40210,Damen-Cermak,4/1/2026,"1,235.10",809.3,640.3,"32,971",Pink
40740,Western-Cermak,4/1/2026,865.7,605.5,414.5,"23,125",Pink
40440,California-Cermak,4/1/2026,"1,005.90",675.8,521.8,"26,920",Pink
41040,Kedzie-Cermak,4/1/2026,767.3,510,396.8,"20,508",Pink
40780,Central Park,4/1/2026,775.7,461.3,363.8,"20,365",Pink
40150,Pulaski-Cermak,4/1/2026,700.2,468.5,342.5,"18,649",Pink
40600,Kostner,4/1/2026,282.4,154.5,153.3,"7,443",Pink
40420,Cicero-Cermak,4/1/2026,735.9,594.5,452.3,"20,377",Pink
40580,54th/Cermak,4/1/2026,"1,622.50","1,136",942.5,"44,009",Pink
40020,Harlem-Lake,4/1/2026,"2,187.50","1,512","1,034.80","58,312",Green
41350,Oak Park-Lake,4/1/2026,763,477.8,333.5,"20,031",Green
40610,Ridgeland,4/1/2026,802.8,361.5,260.5,"20,150",Green
41260,Austin-Lake,4/1/2026,891.8,532,384.8,"23,286",Green
40280,Central-Lake,4/1/2026,"1,200.70",867.5,610.3,"32,326",Green
40700,Laramie,4/1/2026,618.7,380.8,281.5,"16,260",Green
40480,Cicero-Lake,4/1/2026,720.7,493.5,358,"19,261",Green
40030,Pulaski-Lake,4/1/2026,840,561.3,380.3,"22,247",Green
41670,Conservatory,4/1/2026,563.7,518.8,349,"15,872",Green
41070,Kedzie-Lake,4/1/2026,739.3,467.8,303.5,"19,349",Green
41360,California-Lake,4/1/2026,766.1,424.5,279,"19,668",Green
41710,Damen-Lake,4/1/2026,"1,038.70",789,498.8,"28,002",Green
40170,Ashland-Lake,4/1/2026,"1,833","1,263.30",829.8,"48,698","Green, Pink"
41510,Morgan-Lake,4/1/2026,"3,793.30","3,194","2,301.30","105,433",Green
41160,Clinton-Lake,4/1/2026,"2,891.50","1,362",958,"72,892","Green, Pink"
41690,Cermak-McCormick Place,4/1/2026,"1,505","1,323.50","1,055","42,623",Green
41120,35-Bronzeville-IIT,4/1/2026,"1,296.50",831.8,591.8,"34,217",Green
40300,Indiana,4/1/2026,478.6,287.3,224,"12,575",Green
41270,43rd,4/1/2026,665.4,402.8,334.3,"17,586",Green
41080,47th-South Elevated,4/1/2026,736.1,493,371.8,"19,653",Green
40130,51st,4/1/2026,635.5,418,314,"16,908",Green
40510,Garfield-South Elevated,4/1/2026,854.4,606.5,471,"23,107",Green
41140,King Drive,4/1/2026,322.7,275.5,201.8,"9,009",Green
40720,East 63rd-Cottage Grove,4/1/2026,736.3,553,419.5,"20,089",Green
40940,Halsted/63rd,4/1/2026,403.4,217.3,197.8,"10,535",Green
40290,Ashland/63rd,4/1/2026,749.9,450,412.5,"19,948",Green
41290,Kimball,4/1/2026,"2,458.50","1,856.80","1,453.80","67,329",Brown
41180,Kedzie-Brown,4/1/2026,"1,389.70","1,137.80",812.8,"38,375",Brown
40870,Francisco,4/1/2026,954.9,645.3,457.5,"25,419",Brown
41010,Rockwell,4/1/2026,"1,268.50",897,614.5,"33,954",Brown
41480,Western-Brown,4/1/2026,"1,407.50","1,000.80",633.8,"37,502",Brown
40090,Damen-Brown,4/1/2026,"1,833","1,471","1,071.30","50,495",Brown
41500,Montrose-Brown,4/1/2026,"1,580.60","1,394.80",929.3,"44,070",Brown
41460,Irving Park-Brown,4/1/2026,"1,811.10","1,338.50",861,"48,642",Brown
41440,Addison-Brown,4/1/2026,"1,369.60",833.3,565.8,"35,728",Brown
41310,Paulina,4/1/2026,"1,779.30","1,299.50",830,"47,662",Brown
40360,Southport,4/1/2026,"2,298.10","2,152","1,480.50","65,089",Brown
41210,Wellington,4/1/2026,"2,098.50","1,176.50",770,"53,954",Brown
40530,Diversey,4/1/2026,"3,622.90","2,392","1,528.50","95,385",Brown
40660,Armitage,4/1/2026,"3,237.20","2,744.30","1,610.80","88,638",Brown
40800,Sedgwick,4/1/2026,"2,615.40","2,149.50","1,339.50","71,494",Brown
40710,Chicago/Franklin,4/1/2026,"4,288.50","2,825.80","1,906","113,275",Brown
40460,Merchandise Mart,4/1/2026,"5,179.10","2,148.50","1,381.30","128,059","Brown, Purple"
40930,Midway Airport,4/1/2026,"5,095.80","2,655","2,157","131,356",Orange
40960,Pulaski-Orange,4/1/2026,"3,341","1,495.50","1,111","83,929",Orange
41150,Kedzie-Midway,4/1/2026,"2,385.10","1,271",929,"61,273",Orange
40310,Western-Orange,4/1/2026,"2,644.70","1,320.80","1,003.50","67,480",Orange
40120,35th/Archer,4/1/2026,"1,863.50","1,004.30",709,"47,851",Orange
41060,Ashland-Orange,4/1/2026,"1,222.70",690.5,491.3,"31,627",Orange
41130,Halsted-Orange,4/1/2026,"1,869",935.5,704,"47,676",Orange
40730,Washington/Wells,4/1/2026,"5,646.90","1,105.30",779,"131,768",Orange
40040,Quincy/Wells,4/1/2026,"5,383.90","1,368.30","1,136.80","128,465",Orange
40160,LaSalle/Van Buren,4/1/2026,"2,029",578.8,422.5,"48,642",Orange
40850,Library,4/1/2026,"2,758","1,776.50","1,149.30","72,380","Orange, Brown, Pink, Purple"
40680,Adams/Wabash,4/1/2026,"5,266.10","2,627.80","1,886.80","133,913",Orange
41700,Washington/Wabash,4/1/2026,"10,089.40","6,920.30","5,087","269,995","Orange, Brown, Purple, Pink"
40260,State/Lake,4/1/2026,0,0,0,0,Orange
40380,Clark/Lake,4/1/2026,"12,662.50","6,356.80","5,060.50","324,243","Orange, Blue, Brown, Green, Purple, Pink"
40900,Howard,5/1/2026,"3,516.20","2,814.60","2,321.70","98,326","Red, Purple, Yellow"
41190,Jarvis,5/1/2026,"1,116.70","1,073.40",846.2,"32,778",Red
40100,Morse,5/1/2026,"2,809.90","2,494.60","1,938.70","80,303",Red
41300,Loyola,5/1/2026,"3,066.10","2,772","2,055","87,512",Red
40760,Granville,5/1/2026,"2,267.60","1,989.40","1,520.30","64,420",Red
40880,Thorndale,5/1/2026,"1,841.10","1,481.80","1,150.80","51,136",Red
41380,Bryn Mawr,5/1/2026,"2,836.30","2,552.60","2,078.80","81,961",Red
40340,Berwyn,5/1/2026,"1,952.10","1,745","1,358.50","55,918",Red
41200,Argyle,5/1/2026,"2,136.40","2,138.20","1,659.30","63,374",Red
40770,Lawrence,5/1/2026,"2,041.10","2,095.80","1,639.20","61,135",Red
40540,Wilson,5/1/2026,"4,758.90","3,715.80","2,898.20","131,145","Red, Purple"
40080,Sheridan,5/1/2026,"2,918.30","2,531.20","1,848.80","82,115",Red
41420,Addison-North Main,5/1/2026,"7,474.40","8,010.20","5,773.30","224,179",Red
41320,Belmont-North Main,5/1/2026,"7,999.10","7,942","5,861.80","234,863","Red, Purple, Brown"
41220,Fullerton,5/1/2026,"9,792.50","7,564.20","5,347","265,753","Red, Purple, Brown"
40650,North/Clybourn,5/1/2026,"3,542.70","2,970.40","2,347.20","99,789",Red
40630,Clark/Division,5/1/2026,"5,571.80","4,504","3,387","154,277",Red
41450,Chicago/State,5/1/2026,"7,756.40","5,998.60","4,820.70","214,044",Red
40330,Grand/State,5/1/2026,"6,957.50","6,917","5,859","208,888",Red
41660,Lake/State,5/1/2026,"10,840.30","7,640.80","5,906.50","290,448",Red
41090,Monroe/State,5/1/2026,"4,409.70","2,370.20","1,970.20","111,865",Red
40560,Jackson/State,5/1/2026,"4,968.70","2,741","2,044.30","125,344",Red
41490,Harrison,5/1/2026,"2,358.10","2,398.20","1,743.30","69,612",Red
41400,Roosevelt,5/1/2026,"7,535.40","8,289.20","6,298.50","229,945","Red, Orange, Green"
41000,Cermak-Chinatown,5/1/2026,"5,175.40","7,447.60","6,131.30","177,533",Red
40190,Sox-35th-Dan Ryan,5/1/2026,"4,176.30","4,833.80","4,460.80","134,459",Red
41230,47th-Dan Ryan,5/1/2026,"2,075.60","1,687.80","1,330.30","57,932",Red
41170,Garfield-Dan Ryan,5/1/2026,"2,395.10","2,027.20","1,434.30","66,643",Red
40910,63rd-Dan Ryan,5/1/2026,"1,933.10","1,468.40","1,262.50","53,579",Red
40990,69th,5/1/2026,"2,994.20","2,443.80","1,871.70","83,332",Red
40240,79th,5/1/2026,"3,838.80","3,082.60","2,560.70","107,553",Red
41430,87th,5/1/2026,"2,216.40","1,739.20","1,388","61,351",Red
40450,95th/Dan Ryan,5/1/2026,"6,306.90","4,487.40","3,678.20","170,643",Red
41050,Linden,5/1/2026,708.3,520.8,416.3,"19,267",Purple
41250,Central-Evanston,5/1/2026,553.6,286.4,244.2,"13,968",Purple
40400,Noyes,5/1/2026,707.7,449.6,435.5,"19,014",Purple
40520,Foster,5/1/2026,592.3,614.8,379.8,"17,198",Purple
40050,Davis,5/1/2026,"2,249.60","1,788.60","1,351","62,041",Purple
40690,Dempster,5/1/2026,537.5,461.4,390.3,"15,398",Purple
40270,Main,5/1/2026,715.7,599.8,419.8,"19,832",Purple
40840,South Boulevard,5/1/2026,460.5,308,226.2,"12,106",Purple
40140,Dempster-Skokie,5/1/2026,"1,026.50",806.8,668.8,"28,577",Yellow
41680,Oakton-Skokie,5/1/2026,490.9,289.4,232.5,"12,659",Yellow
40890,O'Hare Airport,5/1/2026,"10,374.60","8,874","9,968.20","311,671",Blue
40820,Rosemont,5/1/2026,"4,102.20","3,516.80","2,832","116,620",Blue
40230,Cumberland,5/1/2026,"2,440.60","1,707.20","1,339.20","65,382",Blue
40750,Harlem-O'Hare,5/1/2026,"1,697.20","1,001.20",775.2,"43,600",Blue
41280,Jefferson Park,5/1/2026,"4,687.20","3,291.20","2,575.50","125,653",Blue
41330,Montrose-O'Hare,5/1/2026,"1,700.40","1,141.60",893.2,"45,075",Blue
40550,Irving Park-O'Hare,5/1/2026,"2,895.80","1,983.80","1,605","77,465",Blue
41240,Addison-O'Hare,5/1/2026,"2,013","1,258.80",993.3,"52,514",Blue
40060,Belmont-O'Hare,5/1/2026,"3,670.60","2,619.80","2,096.50","99,090",Blue
41020,Logan Square,5/1/2026,"4,949.50","3,803.20","3,359.20","138,161",Blue
40570,California/Milwaukee,5/1/2026,"3,629.70","2,903","2,162","100,080",Blue
40670,Western/Milwaukee,5/1/2026,"3,656.80","2,556.20","1,969.80","97,736",Blue
40590,Damen/Milwaukee,5/1/2026,"4,480.60","4,614.40","3,501.80","133,695",Blue
40320,Division/Milwaukee,5/1/2026,"4,296.60","3,257.80","2,494.20","117,186",Blue
41410,Chicago/Milwaukee,5/1/2026,"2,105.50","1,544.40","1,207","57,073",Blue
40490,Grand/Milwaukee,5/1/2026,"2,789.80","2,348.40","1,931.80","79,129",Blue
40370,Washington/Dearborn,5/1/2026,"8,562.60","6,094.20","5,046","231,999",Blue
40790,Monroe/Dearborn,5/1/2026,"3,874.20","1,363","1,233.30","91,698",Blue
40070,Jackson/Dearborn,5/1/2026,"4,352.80","3,101.60","2,512.30","117,637",Blue
41340,LaSalle,5/1/2026,"1,720.20","1,136.80",890.8,"45,432",Blue
40430,Clinton-Forest Park,5/1/2026,"2,087","1,103",960.7,"53,018",Blue
40350,UIC-Halsted,5/1/2026,"2,435.50","1,544","1,174.80","63,479",Blue
40470,Racine,5/1/2026,881.9,498.4,445.2,"22,800",Blue
40810,Medical Center,5/1/2026,"1,459.70",632,508.7,"35,405",Blue
40220,Western-Forest Park,5/1/2026,611.3,467.4,370.2,"16,784",Blue
40250,Kedzie-Homan-Forest Park,5/1/2026,895.2,666.4,568,"24,643",Blue
40920,Pulaski-Forest Park,5/1/2026,629.6,471.4,408.5,"17,400",Blue
40970,Cicero-Forest Park,5/1/2026,591.8,410.2,299.5,"15,683",Blue
40010,Austin-Forest Park,5/1/2026,714.4,380.4,295.8,"17,965",Blue
40180,Oak Park-Forest Park,5/1/2026,640.4,309.6,251.2,"15,863",Blue
40980,Harlem-Forest Park,5/1/2026,397.3,255.2,186.7,"10,341",Blue
40390,Forest Park,5/1/2026,"1,174.70",742,604.5,"30,830",Blue
41030,Polk,5/1/2026,"2,249.30",658,503.3,"51,295",Pink
40830,18th,5/1/2026,"1,335.10","1,137",877.2,"37,650",Pink
40210,Damen-Cermak,5/1/2026,"1,302.80",910.2,669.2,"34,621",Pink
40740,Western-Cermak,5/1/2026,907.5,645.2,469.5,"24,193",Pink
40440,California-Cermak,5/1/2026,"1,033.90",718.8,538.3,"27,501",Pink
41040,Kedzie-Cermak,5/1/2026,822,550.8,432.3,"21,788",Pink
40780,Central Park,5/1/2026,804.2,538.2,410.2,"21,235",Pink
40150,Pulaski-Cermak,5/1/2026,732.8,677.8,501.7,"21,054",Pink
40600,Kostner,5/1/2026,297.3,155.6,140.7,"7,567",Pink
40420,Cicero-Cermak,5/1/2026,774.6,536.4,432.2,"20,767",Pink
40580,54th/Cermak,5/1/2026,"1,778","1,307.40","1,293.80","49,860",Pink
40020,Harlem-Lake,5/1/2026,"2,261.80","1,672.20","1,249.20","61,092",Green
41350,Oak Park-Lake,5/1/2026,801.9,570.2,412.3,"21,363",Green
40610,Ridgeland,5/1/2026,861.6,409.2,314.5,"21,165",Green
41260,Austin-Lake,5/1/2026,934,579.8,442.7,"24,234",Green
40280,Central-Lake,5/1/2026,"1,259.60",926.8,669.8,"33,845",Green
40700,Laramie,5/1/2026,697.2,462,378.3,"18,524",Green
40480,Cicero-Lake,5/1/2026,695.6,536,396.7,"18,971",Green
40030,Pulaski-Lake,5/1/2026,909.3,620.6,481,"24,174",Green
41670,Conservatory,5/1/2026,572,542,411.7,"16,619",Green
41070,Kedzie-Lake,5/1/2026,773.8,514.4,389,"20,381",Green
41360,California-Lake,5/1/2026,790.3,462.8,363.5,"20,301",Green
41710,Damen-Lake,5/1/2026,932.6,571.4,435.7,"24,122",Green
40170,Ashland-Lake,5/1/2026,"1,914.20","1,572.80","1,032","52,340","Green, Pink"
41510,Morgan-Lake,5/1/2026,"4,094.90","3,470.80","2,694.80","115,420",Green
41160,Clinton-Lake,5/1/2026,"2,861.10","1,449.40","1,099.30","71,064","Green, Pink"
41690,Cermak-McCormick Place,5/1/2026,"1,724.80","1,731.20","1,402.50","51,566",Green
41120,35-Bronzeville-IIT,5/1/2026,"1,191.30","1,012.40",935.7,"34,502",Green
40300,Indiana,5/1/2026,529,351.2,297.8,"14,123",Green
41270,43rd,5/1/2026,686.7,439.8,373.7,"18,174",Green
41080,47th-South Elevated,5/1/2026,725.5,542.8,409.7,"19,681",Green
40130,51st,5/1/2026,668.5,533.8,440.5,"18,682",Green
40510,Garfield-South Elevated,5/1/2026,894.8,684.6,546.3,"24,597",Green
41140,King Drive,5/1/2026,330.4,268.8,236.7,"9,371",Green
40720,East 63rd-Cottage Grove,5/1/2026,794.4,591,484.3,"21,749",Green
40940,Halsted/63rd,5/1/2026,390.1,219.8,199.8,"10,099",Green
40290,Ashland/63rd,5/1/2026,724,450.6,382.2,"19,025",Green
41290,Kimball,5/1/2026,"2,524.30","1,949.60","1,542.20","69,487",Brown
41180,Kedzie-Brown,5/1/2026,"1,471.90","1,200.80",973,"41,279",Brown
40870,Francisco,5/1/2026,989.9,744.6,885.3,"28,833",Brown
41010,Rockwell,5/1/2026,"1,141",824,624.5,"30,686",Brown
41480,Western-Brown,5/1/2026,"1,880","1,886.60","1,233","54,431",Brown
40090,Damen-Brown,5/1/2026,"1,791.60","1,368.40",985.2,"48,585",Brown
41500,Montrose-Brown,5/1/2026,"1,633.70","1,417.60",965.2,"45,552",Brown
41460,Irving Park-Brown,5/1/2026,"1,862.10","1,600.20","1,053.30","51,562",Brown
41440,Addison-Brown,5/1/2026,"1,436.30",909.2,692,"37,423",Brown
41310,Paulina,5/1/2026,"1,841.40","1,472.60",969,"50,004",Brown
40360,Southport,5/1/2026,"2,419.70","2,358.20","1,691","70,331",Brown
41210,Wellington,5/1/2026,"2,126.60","1,299.40",846,"54,105",Brown
40530,Diversey,5/1/2026,"3,673.40","2,597.20","1,724.70","96,802",Brown
40660,Armitage,5/1/2026,"3,429.70","3,666.60","2,217.80","100,233",Brown
40800,Sedgwick,5/1/2026,"2,800.30","2,612.80","1,809.80","79,928",Brown
40710,Chicago/Franklin,5/1/2026,"4,314.40","3,496.80","2,349.20","117,867",Brown
40460,Merchandise Mart,5/1/2026,"5,303.40","2,499.60","1,646.70","128,446","Brown, Purple"
40930,Midway Airport,5/1/2026,"5,380.90","3,515.40","2,790.50","141,937",Orange
40960,Pulaski-Orange,5/1/2026,"3,364.70","1,799","1,419.80","84,807",Orange
41150,Kedzie-Midway,5/1/2026,"2,399.50","1,457.20","1,108.80","61,928",Orange
40310,Western-Orange,5/1/2026,"2,635.60","1,529.20","1,245.30","67,830",Orange
40120,35th/Archer,5/1/2026,"1,882.40","1,174",901.7,"48,927",Orange
41060,Ashland-Orange,5/1/2026,"1,288.90",799.8,596.7,"33,357",Orange
41130,Halsted-Orange,5/1/2026,"1,588.70","1,084.60",872.2,"42,430",Orange
40730,Washington/Wells,5/1/2026,"5,712","1,152.20",893,"125,359",Orange
40040,Quincy/Wells,5/1/2026,"5,410.10","1,568.20","1,327","124,004",Orange
40160,LaSalle/Van Buren,5/1/2026,"2,047.50",672.8,484,"47,218",Orange
40850,Library,5/1/2026,"2,640.30","2,113.20","1,437.50","71,996","Orange, Brown, Pink, Purple"
40680,Adams/Wabash,5/1/2026,"5,167.50","3,587.60","2,814.30","138,174",Orange
41700,Washington/Wabash,5/1/2026,"10,448.30","8,468.40","6,475.30","290,160","Orange, Brown, Purple, Pink"
40260,State/Lake,5/1/2026,0,0,0,0,Orange
40380,Clark/Lake,5/1/2026,"13,231.50","8,057.40","6,495.70","343,890","Orange, Blue, Brown, Green, Purple, Pink"
40900,Howard,6/1/2026,"3,457.10","3,055.50","2,487.80","98,230","Red, Purple, Yellow"
41190,Jarvis,6/1/2026,"1,135.20","1,289",979.3,"34,048",Red
40100,Morse,6/1/2026,"2,744.60","2,712","2,369","80,705",Red
41300,Loyola,6/1/2026,"2,902.70","2,695.80","2,127.80","83,153",Red
40760,Granville,6/1/2026,"2,148.70","2,105.30","1,659.50","62,330",Red
40880,Thorndale,6/1/2026,"1,740.60","1,703.30","1,305","50,327",Red
41380,Bryn Mawr,6/1/2026,"2,831.40","3,013","2,307.30","83,571",Red
40340,Berwyn,6/1/2026,"1,945","2,207","1,718","58,491",Red
41200,Argyle,6/1/2026,"2,119.20","2,390.50","1,895.30","63,766",Red
40770,Lawrence,6/1/2026,"2,010.80","2,110","1,704.80","59,497",Red
40540,Wilson,6/1/2026,"4,690.60","4,086.80","3,256.80","132,568","Red, Purple"
40080,Sheridan,6/1/2026,"2,871.20","3,081.80","2,587.80","85,845",Red
41420,Addison-North Main,6/1/2026,"8,386.50","10,830","8,305.30","261,045",Red
41320,Belmont-North Main,6/1/2026,"8,099.40","9,007","8,908.80","249,850","Red, Purple, Brown"
41220,Fullerton,6/1/2026,"7,880.80","8,155.50","6,140","230,559","Red, Purple, Brown"
40650,North/Clybourn,6/1/2026,"3,786.30","1,829.50","1,390","96,176",Red
40630,Clark/Division,6/1/2026,"5,608.40","3,238.50","2,062.80","144,589",Red
41450,Chicago/State,6/1/2026,"8,381.90","4,170.50","2,992.50","213,054",Red
40330,Grand/State,6/1/2026,"7,809.70","5,409.80","3,692.50","208,222",Red
41660,Lake/State,6/1/2026,"11,702.20","5,553","4,344.30","297,037",Red
41090,Monroe/State,6/1/2026,"4,430.60","1,744.30","1,244.50","109,429",Red
40560,Jackson/State,6/1/2026,"4,442.50","1,923","1,529.80","111,547",Red
41490,Harrison,6/1/2026,"2,366.80","1,549.50","1,106","62,692",Red
41400,Roosevelt,6/1/2026,"7,846","10,946.50","7,082.30","244,728","Red, Orange, Green"
41000,Cermak-Chinatown,6/1/2026,"5,404","8,556.30","6,109.80","177,552",Red
40190,Sox-35th-Dan Ryan,6/1/2026,"4,044.10","4,761","4,301.50","125,220",Red
41230,47th-Dan Ryan,6/1/2026,"2,002.60","1,728.50","1,450.30","56,772",Red
41170,Garfield-Dan Ryan,6/1/2026,"2,325.50","1,971.50","1,567.30","65,317",Red
40910,63rd-Dan Ryan,6/1/2026,"1,814","1,452","1,286.30","50,861",Red
40990,69th,6/1/2026,"2,869.20","2,449.30","1,918.30","80,592",Red
40240,79th,6/1/2026,"3,664.60","2,978","2,509","102,569",Red
41430,87th,6/1/2026,"2,082.90","1,742.30","1,512.80","58,843",Red
40450,95th/Dan Ryan,6/1/2026,"6,016.20","4,546.30","3,827.30","165,850",Red
41050,Linden,6/1/2026,774.6,693.5,409.5,"21,454",Purple
41250,Central-Evanston,6/1/2026,580.8,372.3,273,"15,359",Purple
40400,Noyes,6/1/2026,635.1,455.5,320.5,"17,076",Purple
40520,Foster,6/1/2026,535.3,514.8,341.5,"15,202",Purple
40050,Davis,6/1/2026,"2,303.50","1,850.80","1,332.80","63,412",Purple
40690,Dempster,6/1/2026,572.1,555.8,423,"16,502",Purple
40270,Main,6/1/2026,720,705.3,439,"20,417",Purple
40840,South Boulevard,6/1/2026,467.5,314.8,234.3,"12,482",Purple
40140,Dempster-Skokie,6/1/2026,"1,053","1,026.80",734.5,"30,211",Yellow
41680,Oakton-Skokie,6/1/2026,517.8,324.8,253.3,"13,703",Yellow
40890,O'Hare Airport,6/1/2026,"11,265","9,572","10,765","329,178",Blue
40820,Rosemont,6/1/2026,"4,323","4,255.30","3,166","124,790",Blue
40230,Cumberland,6/1/2026,"2,586","2,156.80","1,554.50","71,738",Blue
40750,Harlem-O'Hare,6/1/2026,"1,612.50","1,138.30",843.5,"43,402",Blue
41280,Jefferson Park,6/1/2026,"4,628.10","3,535","2,725.50","126,861",Blue
41330,Montrose-O'Hare,6/1/2026,"1,686.50","1,242.50",885.5,"45,616",Blue
40550,Irving Park-O'Hare,6/1/2026,"2,864.60","2,190.50","1,711.80","78,630",Blue
41240,Addison-O'Hare,6/1/2026,"1,929.30","1,383.30","1,078","52,289",Blue
40060,Belmont-O'Hare,6/1/2026,"3,658.10","2,788.80","2,493.50","101,607",Blue
41020,Logan Square,6/1/2026,"5,038.10","4,431.50","3,673.30","143,257",Blue
40570,California/Milwaukee,6/1/2026,"3,637.10","3,167.80","2,267","101,755",Blue
40670,Western/Milwaukee,6/1/2026,"3,737.50","2,982.30","2,114.30","102,612",Blue
40590,Damen/Milwaukee,6/1/2026,"4,598.90","4,854.80","3,594.30","134,972",Blue
40320,Division/Milwaukee,6/1/2026,"4,138.50","3,578","2,603","115,770",Blue
41410,Chicago/Milwaukee,6/1/2026,"2,083.70","1,724.30","1,303.80","57,953",Blue
40490,Grand/Milwaukee,6/1/2026,"3,175.20","3,119.30","2,317.30","91,601",Blue
40370,Washington/Dearborn,6/1/2026,"9,041.40","6,993.80","5,780","250,005",Blue
40790,Monroe/Dearborn,6/1/2026,"3,757.80","1,554","1,420","94,568",Blue
40070,Jackson/Dearborn,6/1/2026,"4,345.90","3,741","2,966","122,437",Blue
41340,LaSalle,6/1/2026,"1,577.50","1,318.30",961.3,"43,824",Blue
40430,Clinton-Forest Park,6/1/2026,"1,922.30","1,121",944.5,"50,553",Blue
40350,UIC-Halsted,6/1/2026,"2,161.70","1,696.50","1,254","59,359",Blue
40470,Racine,6/1/2026,657.5,542,373.5,"18,128",Blue
40810,Medical Center,6/1/2026,"1,527",844.3,580.3,"39,293",Blue
40220,Western-Forest Park,6/1/2026,609.4,530.8,417.8,"17,200",Blue
40250,Kedzie-Homan-Forest Park,6/1/2026,868,690.3,637.5,"24,408",Blue
40920,Pulaski-Forest Park,6/1/2026,623.8,485.8,498.8,"17,661",Blue
40970,Cicero-Forest Park,6/1/2026,572,411.8,338.3,"15,583",Blue
40010,Austin-Forest Park,6/1/2026,704.5,392.5,300,"18,269",Blue
40180,Oak Park-Forest Park,6/1/2026,633.7,351.3,295.3,"16,527",Blue
40980,Harlem-Forest Park,6/1/2026,421.7,297.8,210.3,"11,310",Blue
40390,Forest Park,6/1/2026,"1,214.50",816.3,660.3,"32,625",Blue
41030,Polk,6/1/2026,"2,271.60",772,566,"55,327",Pink
40830,18th,6/1/2026,"1,338.40","1,288",921.5,"38,283",Pink
40210,Damen-Cermak,6/1/2026,"1,239.40",944.3,709,"33,879",Pink
40740,Western-Cermak,6/1/2026,888.2,694.8,530,"24,440",Pink
40440,California-Cermak,6/1/2026,"1,010.70",724.8,577.8,"27,446",Pink
41040,Kedzie-Cermak,6/1/2026,788.4,576.5,456.8,"21,478",Pink
40780,Central Park,6/1/2026,779.7,509,424.8,"20,889",Pink
40150,Pulaski-Cermak,6/1/2026,790.1,570,466.8,"21,530",Pink
40600,Kostner,6/1/2026,291.2,173.5,135.3,"7,642",Pink
40420,Cicero-Cermak,6/1/2026,680.6,741,473.8,"19,832",Pink
40580,54th/Cermak,6/1/2026,"1,699.90","1,378.50","1,217.30","47,780",Pink
40020,Harlem-Lake,6/1/2026,"2,379.60","1,980","1,440.80","66,034",Green
41350,Oak Park-Lake,6/1/2026,831.6,631.8,495,"22,802",Green
40610,Ridgeland,6/1/2026,879.9,539.3,376.8,"23,022",Green
41260,Austin-Lake,6/1/2026,939,630.8,506.5,"25,208",Green
40280,Central-Lake,6/1/2026,"1,297.60",966,737.3,"35,361",Green
40700,Laramie,6/1/2026,683.6,514.8,377.3,"18,607",Green
40480,Cicero-Lake,6/1/2026,762.9,612.8,457,"21,063",Green
40030,Pulaski-Lake,6/1/2026,"1,045.90",871.3,738.8,"29,449",Green
41670,Conservatory,6/1/2026,590,549.8,"1,325.30","20,481",Green
41070,Kedzie-Lake,6/1/2026,722.5,547.8,465,"19,946",Green
41360,California-Lake,6/1/2026,803.9,543,408,"21,490",Green
41710,Damen-Lake,6/1/2026,"1,001.60",972,688,"28,675",Green
40170,Ashland-Lake,6/1/2026,"1,902.60","1,547.30","1,009.80","52,085","Green, Pink"
41510,Morgan-Lake,6/1/2026,"4,780.40","5,278","3,338.30","139,633",Green
41160,Clinton-Lake,6/1/2026,"3,003.90","1,881.50","1,302.80","78,823","Green, Pink"
41690,Cermak-McCormick Place,6/1/2026,"1,849.50","2,352.80","1,686.30","56,845",Green
41120,35-Bronzeville-IIT,6/1/2026,"1,075.20","1,326.80",888.8,"32,517",Green
40300,Indiana,6/1/2026,630.5,554,431.5,"17,812",Green
41270,43rd,6/1/2026,464.4,215.5,168.3,"11,752",Green
41080,47th-South Elevated,6/1/2026,800.1,603.3,470.8,"21,898",Green
40130,51st,6/1/2026,648.2,574.8,448.8,"18,355",Green
40510,Garfield-South Elevated,6/1/2026,940,756.5,585.5,"26,047",Green
41140,King Drive,6/1/2026,318.3,254,214,"8,875",Green
40720,East 63rd-Cottage Grove,6/1/2026,801.6,646.5,505.8,"22,244",Green
40940,Halsted/63rd,6/1/2026,388.3,268.5,224.3,"10,513",Green
40290,Ashland/63rd,6/1/2026,706.9,524.8,448,"19,442",Green
41290,Kimball,6/1/2026,"2,355.70","1,953.80","1,583.30","65,973",Brown
41180,Kedzie-Brown,6/1/2026,"1,416.90","1,241.50",966,"40,001",Brown
40870,Francisco,6/1/2026,987.2,790,557.3,"27,107",Brown
41010,Rockwell,6/1/2026,"1,131.10",976.3,648,"31,381",Brown
41480,Western-Brown,6/1/2026,"1,910.70","1,421",952.5,"51,530",Brown
40090,Damen-Brown,6/1/2026,"1,622.90","1,615","1,125.30","46,665",Brown
41500,Montrose-Brown,6/1/2026,"1,606.30","1,436.50","1,007.30","45,113",Brown
41460,Irving Park-Brown,6/1/2026,"1,855.80","1,804","1,174.50","52,742",Brown
41440,Addison-Brown,6/1/2026,"1,329.20","1,093.50",710.5,"36,458",Brown
41310,Paulina,6/1/2026,"1,846.60","1,563.80","1,019.80","50,960",Brown
40360,Southport,6/1/2026,"2,556.30","2,665","1,697.50","73,689",Brown
41210,Wellington,6/1/2026,"2,150.40","1,477.50","1,537.80","59,369",Brown
40530,Diversey,6/1/2026,"3,585.90","3,101.30","2,631.50","101,820",Brown
40660,Armitage,6/1/2026,"3,161.10","3,815.30","2,347.30","94,194",Brown
40800,Sedgwick,6/1/2026,"2,965.60","4,593","2,861.30","95,061",Brown
40710,Chicago/Franklin,6/1/2026,"4,545.90","5,296.30","3,473.80","135,089",Brown
40460,Merchandise Mart,6/1/2026,"5,861.90","3,534.50","2,341.80","152,467","Brown, Purple"
40930,Midway Airport,6/1/2026,"5,616.30","3,884.50","3,100.50","151,498",Orange
40960,Pulaski-Orange,6/1/2026,"3,002.80","1,821.80","1,399","78,945",Orange
41150,Kedzie-Midway,6/1/2026,"2,236","1,496.50","1,089.80","59,537",Orange
40310,Western-Orange,6/1/2026,"2,446.30","1,552.50","1,137.80","64,579",Orange
40120,35th/Archer,6/1/2026,"1,814","1,212.30",880,"48,277",Orange
41060,Ashland-Orange,6/1/2026,"1,192.30",840.5,612,"32,040",Orange
41130,Halsted-Orange,6/1/2026,"1,529.80","1,157",893.5,"41,857",Orange
40730,Washington/Wells,6/1/2026,"5,894.40","1,459","1,169","140,189",Orange
40040,Quincy/Wells,6/1/2026,"5,561.40","1,863.50","1,587.30","136,153",Orange
40160,LaSalle/Van Buren,6/1/2026,"2,093.60",867.5,616.8,"51,997",Orange
40850,Library,6/1/2026,"2,466.80","2,555.50","1,714.50","71,349","Orange, Brown, Pink, Purple"
40680,Adams/Wabash,6/1/2026,"4,613.90","5,489","3,823.50","138,756",Orange
41700,Washington/Wabash,6/1/2026,"11,115.10","12,307","9,045.30","329,941","Orange, Brown, Purple, Pink"
40260,State/Lake,6/1/2026,0,0,0,0,Orange
40380,Clark/Lake,6/1/2026,"14,061","11,264.80","8,887","389,948","Orange, Blue, Brown, Green, Purple, Pink"
